--
-- PostgreSQL database dump
--

-- Dumped from database version 14.18 (Homebrew)
-- Dumped by pg_dump version 14.18 (Homebrew)

SET statement_timeout = 0;
SET lock_timeout = 0;
SET idle_in_transaction_session_timeout = 0;
SET client_encoding = 'UTF8';
SET standard_conforming_strings = on;
SELECT pg_catalog.set_config('search_path', '', false);
SET check_function_bodies = false;
SET xmloption = content;
SET client_min_messages = warning;
SET row_security = off;

SET default_tablespace = '';

SET default_table_access_method = heap;

--
-- Name: BlockedUsers; Type: TABLE; Schema: public; Owner: nics_user
--

CREATE TABLE public."BlockedUsers" (
    "Id" uuid NOT NULL,
    "UserId" uuid NOT NULL,
    "BlockedUserId" uuid NOT NULL,
    "CreatedAt" timestamp with time zone NOT NULL,
    "UpdatedAt" timestamp with time zone NOT NULL
);


ALTER TABLE public."BlockedUsers" OWNER TO nics_user;

--
-- Name: CallParticipants; Type: TABLE; Schema: public; Owner: nics_user
--

CREATE TABLE public."CallParticipants" (
    "Id" uuid NOT NULL,
    "CallId" uuid NOT NULL,
    "UserId" uuid NOT NULL,
    "JoinedAt" timestamp with time zone,
    "LeftAt" timestamp with time zone,
    "Status" integer NOT NULL,
    "IsMuted" boolean NOT NULL,
    "IsVideoEnabled" boolean NOT NULL,
    "CreatedAt" timestamp with time zone NOT NULL,
    "UpdatedAt" timestamp with time zone NOT NULL
);


ALTER TABLE public."CallParticipants" OWNER TO nics_user;

--
-- Name: Calls; Type: TABLE; Schema: public; Owner: nics_user
--

CREATE TABLE public."Calls" (
    "Id" uuid NOT NULL,
    "ConversationId" uuid NOT NULL,
    "InitiatorId" uuid NOT NULL,
    "Type" integer NOT NULL,
    "Status" integer NOT NULL,
    "StartedAt" timestamp with time zone NOT NULL,
    "EndedAt" timestamp with time zone,
    "Duration" integer,
    "RoomId" text,
    "RoomToken" text,
    "CreatedAt" timestamp with time zone NOT NULL,
    "UpdatedAt" timestamp with time zone NOT NULL
);


ALTER TABLE public."Calls" OWNER TO nics_user;

--
-- Name: Contacts; Type: TABLE; Schema: public; Owner: nics_user
--

CREATE TABLE public."Contacts" (
    "Id" uuid NOT NULL,
    "UserId" uuid NOT NULL,
    "ContactUserId" uuid NOT NULL,
    "Nickname" text,
    "IsFavorite" boolean NOT NULL,
    "CreatedAt" timestamp with time zone NOT NULL,
    "UpdatedAt" timestamp with time zone NOT NULL
);


ALTER TABLE public."Contacts" OWNER TO nics_user;

--
-- Name: ConversationParticipants; Type: TABLE; Schema: public; Owner: nics_user
--

CREATE TABLE public."ConversationParticipants" (
    "Id" uuid NOT NULL,
    "ConversationId" uuid NOT NULL,
    "UserId" uuid NOT NULL,
    "Role" integer NOT NULL,
    "JoinedAt" timestamp with time zone NOT NULL,
    "LeftAt" timestamp with time zone,
    "IsActive" boolean NOT NULL,
    "LastReadAt" timestamp with time zone,
    "LastReadMessageId" uuid,
    "IsMuted" boolean NOT NULL,
    "MutedUntil" timestamp with time zone,
    "CreatedAt" timestamp with time zone NOT NULL,
    "UpdatedAt" timestamp with time zone NOT NULL
);


ALTER TABLE public."ConversationParticipants" OWNER TO nics_user;

--
-- Name: Conversations; Type: TABLE; Schema: public; Owner: nics_user
--

CREATE TABLE public."Conversations" (
    "Id" uuid NOT NULL,
    "Type" integer NOT NULL,
    "Name" character varying(100),
    "Description" character varying(500),
    "IconUrl" text,
    "CreatedById" uuid,
    "DefaultMessageExpiry" integer NOT NULL,
    "IsArchived" boolean NOT NULL,
    "IsMuted" boolean NOT NULL,
    "MutedUntil" timestamp with time zone,
    "LastMessageAt" timestamp with time zone,
    "CreatedAt" timestamp with time zone NOT NULL,
    "UpdatedAt" timestamp with time zone NOT NULL
);


ALTER TABLE public."Conversations" OWNER TO nics_user;

--
-- Name: LoginTokens; Type: TABLE; Schema: public; Owner: nics_user
--

CREATE TABLE public."LoginTokens" (
    "Id" uuid NOT NULL,
    "NominalRollId" uuid NOT NULL,
    "Token" character varying(10) NOT NULL,
    "ExpiresAt" timestamp with time zone NOT NULL,
    "IsUsed" boolean NOT NULL,
    "AttemptCount" integer NOT NULL,
    "CreatedAt" timestamp with time zone NOT NULL,
    "UpdatedAt" timestamp with time zone NOT NULL
);


ALTER TABLE public."LoginTokens" OWNER TO nics_user;

--
-- Name: MediaFiles; Type: TABLE; Schema: public; Owner: nics_user
--

CREATE TABLE public."MediaFiles" (
    "Id" uuid NOT NULL,
    "MessageId" uuid,
    "UploadedById" uuid NOT NULL,
    "FileName" text NOT NULL,
    "FileUrl" text NOT NULL,
    "ThumbnailUrl" text,
    "MimeType" text NOT NULL,
    "FileSize" bigint NOT NULL,
    "Width" integer,
    "Height" integer,
    "Duration" integer,
    "EncryptionKey" text,
    "CreatedAt" timestamp with time zone NOT NULL,
    "UpdatedAt" timestamp with time zone NOT NULL
);


ALTER TABLE public."MediaFiles" OWNER TO nics_user;

--
-- Name: MessageStatuses; Type: TABLE; Schema: public; Owner: nics_user
--

CREATE TABLE public."MessageStatuses" (
    "Id" uuid NOT NULL,
    "MessageId" uuid NOT NULL,
    "UserId" uuid NOT NULL,
    "Status" integer NOT NULL,
    "DeliveredAt" timestamp with time zone,
    "ReadAt" timestamp with time zone,
    "CreatedAt" timestamp with time zone NOT NULL,
    "UpdatedAt" timestamp with time zone NOT NULL
);


ALTER TABLE public."MessageStatuses" OWNER TO nics_user;

--
-- Name: Messages; Type: TABLE; Schema: public; Owner: nics_user
--

CREATE TABLE public."Messages" (
    "Id" uuid NOT NULL,
    "ConversationId" uuid NOT NULL,
    "SenderId" uuid NOT NULL,
    "Type" integer NOT NULL,
    "Content" text,
    "MediaUrl" text,
    "MediaThumbnailUrl" text,
    "MediaMimeType" text,
    "MediaSize" bigint,
    "MediaDuration" integer,
    "ReplyToMessageId" uuid,
    "ForwardedFromMessageId" uuid,
    "IsForwarded" boolean NOT NULL,
    "IsEdited" boolean NOT NULL,
    "EditedAt" timestamp with time zone,
    "IsDeleted" boolean NOT NULL,
    "DeletedAt" timestamp with time zone,
    "ExpiryDuration" integer NOT NULL,
    "ExpiresAt" timestamp with time zone,
    "IsSystemMessage" boolean NOT NULL,
    "CreatedAt" timestamp with time zone NOT NULL,
    "UpdatedAt" timestamp with time zone NOT NULL
);


ALTER TABLE public."Messages" OWNER TO nics_user;

--
-- Name: NominalRolls; Type: TABLE; Schema: public; Owner: nics_user
--

CREATE TABLE public."NominalRolls" (
    "Id" uuid NOT NULL,
    "ServiceNumber" character varying(50) NOT NULL,
    "FullName" character varying(255) NOT NULL,
    "PhoneNumber" character varying(20),
    "Department" character varying(100),
    "RankPosition" character varying(100),
    "Status" integer NOT NULL,
    "CreatedAt" timestamp with time zone NOT NULL,
    "UpdatedAt" timestamp with time zone NOT NULL
);


ALTER TABLE public."NominalRolls" OWNER TO nics_user;

--
-- Name: StatusViews; Type: TABLE; Schema: public; Owner: nics_user
--

CREATE TABLE public."StatusViews" (
    "Id" uuid NOT NULL,
    "StatusId" uuid NOT NULL,
    "ViewerId" uuid NOT NULL,
    "ViewedAt" timestamp with time zone NOT NULL,
    "CreatedAt" timestamp with time zone NOT NULL,
    "UpdatedAt" timestamp with time zone NOT NULL
);


ALTER TABLE public."StatusViews" OWNER TO nics_user;

--
-- Name: Statuses; Type: TABLE; Schema: public; Owner: nics_user
--

CREATE TABLE public."Statuses" (
    "Id" uuid NOT NULL,
    "UserId" uuid NOT NULL,
    "TextContent" text,
    "MediaUrl" text,
    "MediaType" text,
    "BackgroundColor" text,
    "ExpiresAt" timestamp with time zone NOT NULL,
    "IsViewedByAll" boolean NOT NULL,
    "CreatedAt" timestamp with time zone NOT NULL,
    "UpdatedAt" timestamp with time zone NOT NULL
);


ALTER TABLE public."Statuses" OWNER TO nics_user;

--
-- Name: UserDevices; Type: TABLE; Schema: public; Owner: nics_user
--

CREATE TABLE public."UserDevices" (
    "Id" uuid NOT NULL,
    "UserId" uuid NOT NULL,
    "DeviceToken" text NOT NULL,
    "Platform" integer NOT NULL,
    "DeviceId" text,
    "DeviceName" text,
    "IsActive" boolean NOT NULL,
    "LastActiveAt" timestamp with time zone NOT NULL,
    "CreatedAt" timestamp with time zone NOT NULL,
    "UpdatedAt" timestamp with time zone NOT NULL
);


ALTER TABLE public."UserDevices" OWNER TO nics_user;

--
-- Name: Users; Type: TABLE; Schema: public; Owner: nics_user
--

CREATE TABLE public."Users" (
    "Id" uuid NOT NULL,
    "NominalRollId" uuid NOT NULL,
    "PhoneNumber" character varying(20) NOT NULL,
    "DisplayName" character varying(100),
    "ProfilePictureUrl" text,
    "About" character varying(500),
    "LastSeen" timestamp with time zone,
    "IsOnline" boolean NOT NULL,
    "PublicKey" text,
    "PasswordHash" text NOT NULL,
    "RefreshToken" text,
    "RefreshTokenExpiryTime" timestamp with time zone,
    "ShowLastSeen" boolean NOT NULL,
    "ShowProfilePhoto" boolean NOT NULL,
    "ShowAbout" boolean NOT NULL,
    "ReadReceipts" boolean NOT NULL,
    "CreatedAt" timestamp with time zone NOT NULL,
    "UpdatedAt" timestamp with time zone NOT NULL
);


ALTER TABLE public."Users" OWNER TO nics_user;

--
-- Name: __EFMigrationsHistory; Type: TABLE; Schema: public; Owner: nics_user
--

CREATE TABLE public."__EFMigrationsHistory" (
    "MigrationId" character varying(150) NOT NULL,
    "ProductVersion" character varying(32) NOT NULL
);


ALTER TABLE public."__EFMigrationsHistory" OWNER TO nics_user;

--
-- Data for Name: BlockedUsers; Type: TABLE DATA; Schema: public; Owner: nics_user
--

COPY public."BlockedUsers" ("Id", "UserId", "BlockedUserId", "CreatedAt", "UpdatedAt") FROM stdin;
\.


--
-- Data for Name: CallParticipants; Type: TABLE DATA; Schema: public; Owner: nics_user
--

COPY public."CallParticipants" ("Id", "CallId", "UserId", "JoinedAt", "LeftAt", "Status", "IsMuted", "IsVideoEnabled", "CreatedAt", "UpdatedAt") FROM stdin;
3e45c211-d92a-45e7-92a1-9ed098f62789	4525e708-54fe-4a7d-8c08-48f226bd65a4	b2222222-2222-2222-2222-222222222222	\N	\N	0	f	f	2025-12-20 20:38:33.677668+01	2025-12-20 20:38:33.677668+01
5f59d4b0-d7aa-4211-9db3-8309f44da443	4525e708-54fe-4a7d-8c08-48f226bd65a4	b3333333-3333-3333-3333-333333333333	\N	\N	0	f	f	2025-12-20 20:38:33.679593+01	2025-12-20 20:38:33.679593+01
6d9c874e-91a6-4d0c-9ee0-de8b394c593e	4525e708-54fe-4a7d-8c08-48f226bd65a4	b1111111-1111-1111-1111-111111111111	2025-12-20 20:38:33.679595+01	\N	1	f	f	2025-12-20 20:38:33.679595+01	2025-12-20 20:38:33.679595+01
faa4296e-3caa-4eef-bc93-e48fda45bcbe	4525e708-54fe-4a7d-8c08-48f226bd65a4	b4444444-4444-4444-4444-444444444444	\N	\N	0	f	f	2025-12-20 20:38:33.679595+01	2025-12-20 20:38:33.679595+01
3e186200-bf69-41fc-b499-cb2a716c7954	62787a8c-fae8-4c02-a0c1-dffb2ad35097	b2222222-2222-2222-2222-222222222222	2025-12-21 15:03:38.633303+01	\N	1	f	f	2025-12-21 15:03:38.633274+01	2025-12-21 15:03:38.633274+01
c901267e-bb37-4db9-b33c-d681f4ecb0ce	62787a8c-fae8-4c02-a0c1-dffb2ad35097	b1111111-1111-1111-1111-111111111111	\N	\N	0	f	f	2025-12-21 15:03:38.63334+01	2025-12-21 15:03:38.63334+01
c3811b91-b7f1-4f24-9466-efe8c70300fa	7b9efd08-50ff-4047-98d7-86ce5ea91526	b2222222-2222-2222-2222-222222222222	\N	\N	0	f	f	2025-12-21 16:20:42.409656+01	2025-12-21 16:20:42.409656+01
e4230b41-afb3-439d-b806-946f50450851	7b9efd08-50ff-4047-98d7-86ce5ea91526	b1111111-1111-1111-1111-111111111111	2025-12-21 16:20:42.409718+01	\N	1	f	f	2025-12-21 16:20:42.409718+01	2025-12-21 16:20:42.409718+01
1cec2958-2852-4ad1-bee9-7fa727f60dd5	72749cd3-db9a-45e5-9918-af09875d3d5f	b1111111-1111-1111-1111-111111111111	2025-12-21 16:37:39.784723+01	\N	1	f	f	2025-12-21 16:37:39.784723+01	2025-12-21 16:37:39.784723+01
47285364-d05c-4248-a1b3-d1925a6c00ca	72749cd3-db9a-45e5-9918-af09875d3d5f	b2222222-2222-2222-2222-222222222222	\N	\N	0	f	f	2025-12-21 16:37:39.784666+01	2025-12-21 16:37:39.784667+01
6d7f05f0-0914-4129-897e-6e9d3305f520	baf49275-f683-4c22-b038-cb9bc0572e6f	b2222222-2222-2222-2222-222222222222	\N	\N	3	f	f	2025-12-21 18:47:58.067308+01	2025-12-21 18:48:19.832505+01
b682a3d9-3c87-42de-9a4d-82658afce83d	baf49275-f683-4c22-b038-cb9bc0572e6f	b1111111-1111-1111-1111-111111111111	2025-12-21 18:47:58.067386+01	2025-12-21 18:48:19.832039+01	2	f	f	2025-12-21 18:47:58.067386+01	2025-12-21 18:48:19.832505+01
ade1f19f-1421-4719-aee7-4c434d05aa45	0f2b068e-6c9f-4405-b059-faf0071700d9	b1111111-1111-1111-1111-111111111111	2025-12-21 18:48:41.278677+01	2025-12-21 18:48:48.039233+01	2	f	f	2025-12-21 18:48:41.278677+01	2025-12-21 18:48:48.039316+01
ca6d1156-468c-4a67-83a5-d60e4bdfded9	0f2b068e-6c9f-4405-b059-faf0071700d9	b2222222-2222-2222-2222-222222222222	\N	\N	3	f	f	2025-12-21 18:48:41.27867+01	2025-12-21 18:48:48.039316+01
00712dc9-2d21-439b-8ac9-40eab85af445	008a2d27-60ab-4dcb-a2ee-7880c1140afe	b2222222-2222-2222-2222-222222222222	2025-12-21 18:48:55.110727+01	\N	1	f	f	2025-12-21 18:48:55.110725+01	2025-12-21 18:48:55.110725+01
5d16efd3-0076-4d06-b042-74c9c6e4f673	008a2d27-60ab-4dcb-a2ee-7880c1140afe	b1111111-1111-1111-1111-111111111111	\N	\N	0	f	f	2025-12-21 18:48:55.110731+01	2025-12-21 18:48:55.110731+01
21b5e3dd-c7d1-481e-a1a5-65bdefaab05b	4b0b8466-3fda-496d-b262-18411652961c	b1111111-1111-1111-1111-111111111111	2025-12-21 18:58:38.884546+01	2025-12-21 18:58:47.3896+01	2	f	f	2025-12-21 18:58:38.884546+01	2025-12-21 18:58:47.389698+01
b897c62f-8aae-433d-9ac1-22fe4bc71738	4b0b8466-3fda-496d-b262-18411652961c	b2222222-2222-2222-2222-222222222222	\N	\N	3	f	f	2025-12-21 18:58:38.884539+01	2025-12-21 18:58:47.389698+01
76e4ade5-cede-4a86-a2f2-6f91210b36c0	1abf6a30-86c4-4dfb-a7ff-9e48eeca3ab4	b2222222-2222-2222-2222-222222222222	2025-12-21 18:58:54.471685+01	\N	1	f	f	2025-12-21 18:58:54.471684+01	2025-12-21 18:58:54.471684+01
f5934c27-04a7-4929-a57e-b0ec7c454fbe	1abf6a30-86c4-4dfb-a7ff-9e48eeca3ab4	b1111111-1111-1111-1111-111111111111	\N	\N	0	f	f	2025-12-21 18:58:54.471787+01	2025-12-21 18:58:54.471787+01
9ad772c2-76b4-4536-b943-c1182bf9d2ee	3b32112c-43b5-4ecb-9270-f218ea8135c8	b1111111-1111-1111-1111-111111111111	2025-12-21 19:11:11.011088+01	2025-12-21 19:11:34.345651+01	2	f	f	2025-12-21 19:11:11.011088+01	2025-12-21 19:11:34.345994+01
dcd38fbc-daf7-4253-ac59-a1b510150e85	3b32112c-43b5-4ecb-9270-f218ea8135c8	b2222222-2222-2222-2222-222222222222	\N	\N	3	f	f	2025-12-21 19:11:11.011015+01	2025-12-21 19:11:34.345994+01
17fc8eb7-e91d-42c9-9e5e-85a8fa5b89ba	80f8a6af-7b6f-435e-8045-3529c02249cb	b1111111-1111-1111-1111-111111111111	2025-12-21 19:11:49.989163+01	\N	1	f	f	2025-12-21 19:11:49.989163+01	2025-12-21 19:11:49.989163+01
717eec50-45ac-4236-a98f-acf6826dcbdd	80f8a6af-7b6f-435e-8045-3529c02249cb	b2222222-2222-2222-2222-222222222222	\N	\N	0	f	f	2025-12-21 19:11:49.989161+01	2025-12-21 19:11:49.989161+01
4afdaf0f-ba76-485b-b5b2-d31cedb09608	9f9966ba-0cf1-4a6c-86d4-70d7e81fb546	b2222222-2222-2222-2222-222222222222	\N	\N	3	f	f	2025-12-21 19:17:49.680638+01	2025-12-21 19:17:59.484566+01
e38489c5-c83b-485e-83b5-9e0dc25fca0a	9f9966ba-0cf1-4a6c-86d4-70d7e81fb546	b1111111-1111-1111-1111-111111111111	2025-12-21 19:17:49.680639+01	2025-12-21 19:17:59.484219+01	2	f	f	2025-12-21 19:17:49.680639+01	2025-12-21 19:17:59.484566+01
3c30a34e-fd93-4055-b421-54b12b7a1f02	617abc95-4432-41d0-b9d9-24b60d51098a	b2222222-2222-2222-2222-222222222222	\N	\N	3	f	f	2025-12-21 19:31:07.792512+01	2025-12-21 19:31:18.004646+01
cae12aea-6905-48e0-911d-468f9ef01197	617abc95-4432-41d0-b9d9-24b60d51098a	b1111111-1111-1111-1111-111111111111	2025-12-21 19:31:07.792513+01	2025-12-21 19:31:18.004606+01	2	f	f	2025-12-21 19:31:07.792513+01	2025-12-21 19:31:18.004646+01
43d81056-191e-4128-86dc-575c7809af86	1eca69b3-5c75-4368-af77-e34722ddb2c3	b2222222-2222-2222-2222-222222222222	2025-12-21 19:31:21.029731+01	\N	1	f	f	2025-12-21 19:31:21.02973+01	2025-12-21 19:31:21.02973+01
789ed01b-7ba3-4ae5-9681-28725b8526ff	1eca69b3-5c75-4368-af77-e34722ddb2c3	b1111111-1111-1111-1111-111111111111	\N	\N	0	f	f	2025-12-21 19:31:21.029732+01	2025-12-21 19:31:21.029732+01
0281d815-65a4-4258-b588-35ec2c750fc7	ffcd5774-3f9e-444e-9677-a3a223e07cfb	b2222222-2222-2222-2222-222222222222	\N	\N	3	f	f	2025-12-21 19:56:36.551148+01	2025-12-21 19:56:52.194853+01
4d35bdd9-dfdf-4137-8e5d-a2d07134c064	ffcd5774-3f9e-444e-9677-a3a223e07cfb	b1111111-1111-1111-1111-111111111111	2025-12-21 19:56:36.551151+01	2025-12-21 19:56:52.194397+01	2	f	f	2025-12-21 19:56:36.551151+01	2025-12-21 19:56:52.194853+01
34051498-b0a1-4c2a-86b4-a800a8fc006b	35eebee7-2c93-4a1d-ba75-a071c88d4cc5	b1111111-1111-1111-1111-111111111111	\N	\N	0	f	f	2025-12-21 19:56:57.766448+01	2025-12-21 19:56:57.766448+01
8db3958b-a225-47bd-bd16-40f61a7d4bf8	35eebee7-2c93-4a1d-ba75-a071c88d4cc5	b2222222-2222-2222-2222-222222222222	2025-12-21 19:56:57.766442+01	\N	1	f	f	2025-12-21 19:56:57.766442+01	2025-12-21 19:56:57.766442+01
1d51802c-7b20-496b-9cbc-8b1d198a3d6e	792f3658-1744-4f56-a3b8-58851e9610b7	b1111111-1111-1111-1111-111111111111	\N	\N	3	f	f	2025-12-21 20:47:13.522073+01	2025-12-21 20:47:22.860185+01
bd36f2d9-b4cd-4b22-97ef-45bf88129b82	792f3658-1744-4f56-a3b8-58851e9610b7	b2222222-2222-2222-2222-222222222222	2025-12-21 20:47:13.522042+01	2025-12-21 20:47:22.859995+01	2	f	f	2025-12-21 20:47:13.522016+01	2025-12-21 20:47:22.860185+01
a6a564cd-295a-4375-aa62-e02038340de9	c84e4b31-f4cd-4acb-9783-466633a55e09	b2222222-2222-2222-2222-222222222222	2025-12-21 21:23:34.644286+01	2025-12-21 21:24:02.491072+01	2	f	f	2025-12-21 21:23:34.644285+01	2025-12-21 21:24:02.49139+01
9bf06b28-85ca-4887-a327-0f4829ea14cf	63fdced5-aceb-4f8f-83cf-bad53af80bde	b1111111-1111-1111-1111-111111111111	2025-12-21 20:51:27.372018+01	2025-12-21 20:51:42.601875+01	2	f	f	2025-12-21 20:51:14.425588+01	2025-12-21 20:51:42.602344+01
fd426b4f-4b10-4dc6-965a-05a6c4a57adb	63fdced5-aceb-4f8f-83cf-bad53af80bde	b2222222-2222-2222-2222-222222222222	2025-12-21 20:51:14.425588+01	2025-12-21 20:51:42.601875+01	2	f	f	2025-12-21 20:51:14.425587+01	2025-12-21 20:51:42.602344+01
1572e672-56a2-424e-9b43-9b0300ea5820	ef31d644-27a7-4fb6-8938-95f0b7adff04	b1111111-1111-1111-1111-111111111111	2025-12-21 21:01:54.341562+01	2025-12-21 21:02:30.867486+01	2	f	f	2025-12-21 21:01:54.341561+01	2025-12-21 21:02:30.870526+01
026621ac-da0d-4180-8676-d70d7d199e0c	3c94ac29-1306-4b04-a59e-e506398f0d73	b2222222-2222-2222-2222-222222222222	2025-12-21 20:51:59.524825+01	2025-12-21 20:52:08.067755+01	2	f	f	2025-12-21 20:51:53.213177+01	2025-12-21 20:52:08.067814+01
c7953ae0-a2f1-4407-90de-31d9987fb331	3c94ac29-1306-4b04-a59e-e506398f0d73	b1111111-1111-1111-1111-111111111111	2025-12-21 20:51:53.213179+01	2025-12-21 20:52:08.067755+01	2	f	f	2025-12-21 20:51:53.213179+01	2025-12-21 20:52:08.067813+01
aef3a346-0024-4270-a70a-38185c09e87f	20f75c0c-e1cd-46e4-b3ca-a493636c612f	b1111111-1111-1111-1111-111111111111	2025-12-21 21:01:23.361433+01	2025-12-21 21:01:51.054152+01	2	f	f	2025-12-21 21:01:23.361432+01	2025-12-21 21:01:51.054397+01
c2c84745-c394-448e-b326-d9cefa912346	20f75c0c-e1cd-46e4-b3ca-a493636c612f	b2222222-2222-2222-2222-222222222222	\N	\N	3	f	f	2025-12-21 21:01:23.361358+01	2025-12-21 21:01:51.054397+01
334b5ed1-bf4c-46c9-8e9e-aef3cb5460ae	ef31d644-27a7-4fb6-8938-95f0b7adff04	b2222222-2222-2222-2222-222222222222	2025-12-21 21:02:04.232744+01	2025-12-21 21:02:30.867486+01	2	f	f	2025-12-21 21:01:54.34156+01	2025-12-21 21:02:30.870525+01
d561dc9c-25d0-4773-a3f6-f5fe53f383f5	c84e4b31-f4cd-4acb-9783-466633a55e09	b1111111-1111-1111-1111-111111111111	2025-12-21 21:23:43.1336+01	2025-12-21 21:24:02.491072+01	2	f	f	2025-12-21 21:23:34.644286+01	2025-12-21 21:24:02.49139+01
34c7b3a8-d3be-4f91-9c46-147c71dd41ff	949bc1a5-46e9-40fc-a7d4-43bfcd8762cd	b1111111-1111-1111-1111-111111111111	2025-12-21 21:12:36.653003+01	2025-12-21 21:12:54.651792+01	2	f	f	2025-12-21 21:12:36.653003+01	2025-12-21 21:12:54.651837+01
a1341c4f-83e3-49d3-8558-bbeba146963a	949bc1a5-46e9-40fc-a7d4-43bfcd8762cd	b2222222-2222-2222-2222-222222222222	2025-12-21 21:12:43.664439+01	2025-12-21 21:12:54.651792+01	2	f	f	2025-12-21 21:12:36.653+01	2025-12-21 21:12:54.651837+01
85a0cb1d-37a8-4474-abab-eb5f083dbd1e	08f51043-066b-4a20-847a-11e4b95011bc	b2222222-2222-2222-2222-222222222222	2025-12-21 21:18:18.023178+01	2025-12-21 21:18:26.246945+01	2	f	f	2025-12-21 21:18:13.52121+01	2025-12-21 21:18:26.247166+01
e61470ff-3244-49a4-a928-a8adaac1d9bd	08f51043-066b-4a20-847a-11e4b95011bc	b1111111-1111-1111-1111-111111111111	2025-12-21 21:18:13.521213+01	2025-12-21 21:18:26.246945+01	2	f	f	2025-12-21 21:18:13.521213+01	2025-12-21 21:18:26.247166+01
37bd5e5a-f9d8-4c23-a19c-53d8807f0656	446b21aa-1594-4c0a-977c-19e2dd948e1d	b1111111-1111-1111-1111-111111111111	2025-12-21 21:23:19.24867+01	2025-12-21 21:23:28.900085+01	2	f	f	2025-12-21 21:23:19.24867+01	2025-12-21 21:23:28.900178+01
9eb05073-de7d-42ed-b104-1d83f7741da5	446b21aa-1594-4c0a-977c-19e2dd948e1d	b2222222-2222-2222-2222-222222222222	2025-12-21 21:23:23.884774+01	2025-12-21 21:23:28.900086+01	2	f	f	2025-12-21 21:23:19.248667+01	2025-12-21 21:23:28.900178+01
3bae92b9-9c1d-4324-89c3-e73b0883c6d5	ad7cc23e-d1e3-4e7e-bdf6-0ffe027d5d28	b1111111-1111-1111-1111-111111111111	2025-12-21 21:57:26.316434+01	2025-12-21 21:57:37.168577+01	2	f	f	2025-12-21 21:57:21.016723+01	2025-12-21 21:57:37.168779+01
28b1e6e8-e27f-46a3-8fe6-b9f062e17497	cb1082b2-f685-45ff-82cb-3676f3d7d4da	b1111111-1111-1111-1111-111111111111	2025-12-21 21:56:31.563346+01	2025-12-21 21:56:57.454144+01	2	f	f	2025-12-21 21:56:31.563346+01	2025-12-21 21:56:57.454456+01
6cdb8a4a-7b12-481a-9bc8-f2d207b0fea2	5b93854d-f424-4e85-b350-201b7f6accde	b1111111-1111-1111-1111-111111111111	2025-12-21 21:28:18.453631+01	2025-12-21 21:29:03.947676+01	2	f	f	2025-12-21 21:28:18.453631+01	2025-12-21 21:29:03.947761+01
a84fdbe1-9113-4327-8e5d-d82be0cdba64	5b93854d-f424-4e85-b350-201b7f6accde	b2222222-2222-2222-2222-222222222222	2025-12-21 21:28:39.246492+01	2025-12-21 21:29:03.947676+01	2	f	f	2025-12-21 21:28:18.45363+01	2025-12-21 21:29:03.947761+01
8605dfbc-f0d5-4777-bbb2-0be879895a56	413d5338-3a70-4c0e-b027-df02975bf75e	b2222222-2222-2222-2222-222222222222	2025-12-21 21:29:10.92317+01	\N	1	f	f	2025-12-21 21:29:10.923169+01	2025-12-21 21:29:10.923169+01
eb41e958-5c44-4bee-af99-7410bf8e02d1	cb1082b2-f685-45ff-82cb-3676f3d7d4da	b2222222-2222-2222-2222-222222222222	2025-12-21 21:56:40.298733+01	2025-12-21 21:56:57.454101+01	2	f	f	2025-12-21 21:56:31.563267+01	2025-12-21 21:56:57.454456+01
7d7151ac-fc75-4251-9928-2d29cdf97a5a	413d5338-3a70-4c0e-b027-df02975bf75e	b1111111-1111-1111-1111-111111111111	2025-12-21 21:30:54.045841+01	\N	1	f	f	2025-12-21 21:29:10.923171+01	2025-12-21 21:30:54.046478+01
2c548db0-8a2e-466d-b044-e5631613888d	f49c5b3e-d3d4-4521-b9dd-77a645b7c6ac	b2222222-2222-2222-2222-222222222222	\N	\N	3	f	t	2025-12-21 22:01:28.128364+01	2025-12-21 22:01:43.386816+01
d17eb26d-a781-445b-9d3c-05ac0824d8ce	ad7cc23e-d1e3-4e7e-bdf6-0ffe027d5d28	b2222222-2222-2222-2222-222222222222	2025-12-21 21:57:21.016722+01	2025-12-21 21:57:37.168577+01	2	f	f	2025-12-21 21:57:21.016721+01	2025-12-21 21:57:37.168779+01
8c42afc0-663c-4633-b98e-c8d325560609	7e85bba7-00b9-42fb-94c6-3eed0073cb75	b1111111-1111-1111-1111-111111111111	2025-12-21 21:57:56.817009+01	2025-12-21 21:59:21.378903+01	2	f	t	2025-12-21 21:57:45.034209+01	2025-12-21 21:59:21.379474+01
f0ee4c8f-b498-418a-8bec-80a5861e9029	7e85bba7-00b9-42fb-94c6-3eed0073cb75	b2222222-2222-2222-2222-222222222222	2025-12-21 21:57:45.034208+01	2025-12-21 21:59:21.378903+01	2	f	t	2025-12-21 21:57:45.034207+01	2025-12-21 21:59:21.379475+01
54ee565d-5816-41a7-b269-54ff4a0c9afc	f49c5b3e-d3d4-4521-b9dd-77a645b7c6ac	b1111111-1111-1111-1111-111111111111	2025-12-21 22:01:28.128365+01	2025-12-21 22:01:43.384033+01	2	f	t	2025-12-21 22:01:28.128365+01	2025-12-21 22:01:43.386816+01
370f99ae-e818-4fba-b0c4-014ced125d27	b688d945-604a-455a-a5be-1ff020ecd9d9	b2222222-2222-2222-2222-222222222222	2025-12-21 22:04:05.966076+01	2025-12-21 22:04:32.271941+01	2	f	t	2025-12-21 22:04:02.913936+01	2025-12-21 22:04:32.272043+01
d85bff05-f1b1-4174-a846-42fbe8cbef60	b688d945-604a-455a-a5be-1ff020ecd9d9	b1111111-1111-1111-1111-111111111111	2025-12-21 22:04:02.913937+01	2025-12-21 22:04:32.271941+01	2	f	t	2025-12-21 22:04:02.913937+01	2025-12-21 22:04:32.272043+01
154e6458-117c-46f5-946d-c84bf150bc65	24871003-b072-433c-84b6-8413297e78de	b2222222-2222-2222-2222-222222222222	2025-12-21 22:12:43.651423+01	2025-12-21 22:13:27.529307+01	2	f	t	2025-12-21 22:12:38.330833+01	2025-12-21 22:13:27.52975+01
1e0f0731-b4ef-48ab-b8a9-1c1dc5e0b98b	24871003-b072-433c-84b6-8413297e78de	b1111111-1111-1111-1111-111111111111	2025-12-21 22:12:38.330834+01	2025-12-21 22:13:27.529307+01	2	f	t	2025-12-21 22:12:38.330834+01	2025-12-21 22:13:27.52975+01
a80729a0-a490-4c0c-b4c5-2e8df7c6b4d7	d4e26056-6fc6-4354-b03c-bb115e915e2d	b2222222-2222-2222-2222-222222222222	2025-12-21 22:14:41.649482+01	2025-12-21 22:14:55.740619+01	2	f	t	2025-12-21 22:14:41.649482+01	2025-12-21 22:14:55.740912+01
6bb2fec0-7917-4afc-bd47-5fa0b6437715	09605eae-6e19-4a13-996f-55ead0afc817	b2222222-2222-2222-2222-222222222222	2025-12-21 22:14:18.599028+01	2025-12-21 22:14:37.441969+01	2	f	t	2025-12-21 22:14:15.61506+01	2025-12-21 22:14:37.442057+01
9aefc140-8b15-4d64-9558-06c08727c86c	09605eae-6e19-4a13-996f-55ead0afc817	b1111111-1111-1111-1111-111111111111	2025-12-21 22:14:15.615062+01	2025-12-21 22:14:37.441969+01	2	f	t	2025-12-21 22:14:15.615062+01	2025-12-21 22:14:37.442057+01
d6069100-2cb5-4985-967b-c785977d47d1	d4e26056-6fc6-4354-b03c-bb115e915e2d	b1111111-1111-1111-1111-111111111111	2025-12-21 22:14:44.439857+01	2025-12-21 22:14:55.740619+01	2	f	t	2025-12-21 22:14:41.649483+01	2025-12-21 22:14:55.740913+01
d0fc4a68-b344-4f59-aaef-4983e709e425	0c4227e1-ea9b-46b9-a4a1-9d9f9cafd9f3	b2222222-2222-2222-2222-222222222222	2025-12-22 10:02:40.391637+01	2025-12-22 10:02:51.900601+01	2	f	f	2025-12-22 10:02:40.391637+01	2025-12-22 10:02:51.900708+01
41cb0485-d517-494c-addc-e9ea013e6e84	33a85940-2a7e-44e2-9ade-e53a8b020528	b1111111-1111-1111-1111-111111111111	2025-12-21 22:16:34.034173+01	2025-12-21 22:16:47.580385+01	2	f	t	2025-12-21 22:16:34.034173+01	2025-12-21 22:16:47.580484+01
a1a11ea1-dd59-4e10-9f6a-3083b7438952	33a85940-2a7e-44e2-9ade-e53a8b020528	b2222222-2222-2222-2222-222222222222	2025-12-21 22:16:36.755811+01	2025-12-21 22:16:47.580385+01	2	f	t	2025-12-21 22:16:34.034172+01	2025-12-21 22:16:47.580484+01
0de16f9f-1ac1-44b6-9489-e5e8e74cc8f9	dca37c01-63c4-4580-a16d-8b914fef6c31	b2222222-2222-2222-2222-222222222222	2025-12-21 22:16:50.934285+01	2025-12-21 22:17:04.794528+01	2	f	t	2025-12-21 22:16:50.934285+01	2025-12-21 22:17:04.794577+01
f414b525-7aa3-48d3-8131-5de282f7dd90	dca37c01-63c4-4580-a16d-8b914fef6c31	b1111111-1111-1111-1111-111111111111	2025-12-21 22:16:53.562193+01	2025-12-21 22:17:04.794528+01	2	f	t	2025-12-21 22:16:50.934286+01	2025-12-21 22:17:04.794577+01
1d27faf9-eabf-441b-8e32-dd5ba7e03ec1	99f02a21-1ba6-4a2c-86b3-5576ed5b2c7d	b1111111-1111-1111-1111-111111111111	2025-12-21 22:25:27.597398+01	2025-12-21 22:26:25.048504+01	2	f	t	2025-12-21 22:25:27.597398+01	2025-12-21 22:26:25.048833+01
5bb8873c-7cdd-4000-a2cc-ba67463904d9	99f02a21-1ba6-4a2c-86b3-5576ed5b2c7d	b2222222-2222-2222-2222-222222222222	2025-12-21 22:25:35.729551+01	2025-12-21 22:26:25.048505+01	2	f	t	2025-12-21 22:25:27.597396+01	2025-12-21 22:26:25.048833+01
6e45b657-a4f9-4e77-bfda-1367fca52834	f0805459-62d6-4c58-91fb-fb8f8bcc17c4	b2222222-2222-2222-2222-222222222222	2025-12-21 22:26:32.255888+01	2025-12-21 22:27:05.038855+01	2	f	t	2025-12-21 22:26:32.255887+01	2025-12-21 22:27:05.039291+01
7d919a37-7deb-4888-adbe-423f36766b86	f0805459-62d6-4c58-91fb-fb8f8bcc17c4	b1111111-1111-1111-1111-111111111111	2025-12-21 22:26:35.171972+01	2025-12-21 22:27:05.038855+01	2	f	t	2025-12-21 22:26:32.255888+01	2025-12-21 22:27:05.039291+01
5bc60119-b307-432e-b202-19cca99dce20	07641683-b4b0-4d35-b662-ec4e399d8365	b2222222-2222-2222-2222-222222222222	2025-12-22 10:02:56.458381+01	2025-12-22 10:03:06.187509+01	2	f	f	2025-12-22 10:02:56.458381+01	2025-12-22 10:03:06.187553+01
0c5bca00-56e2-4b6d-8a3b-ad6df52ee585	d4dce5a7-86cf-412b-b8f2-d46dcb144dd5	b1111111-1111-1111-1111-111111111111	2025-12-21 22:27:28.301037+01	2025-12-21 22:27:36.97937+01	2	f	f	2025-12-21 22:27:25.168864+01	2025-12-21 22:27:36.979406+01
4b339f7c-2f72-4071-abcd-8e4869b00548	d4dce5a7-86cf-412b-b8f2-d46dcb144dd5	b2222222-2222-2222-2222-222222222222	2025-12-21 22:27:25.168864+01	2025-12-21 22:27:36.979369+01	2	f	f	2025-12-21 22:27:25.168863+01	2025-12-21 22:27:36.979406+01
83da44f4-17b2-424f-b83f-db97c3f9ce1e	07641683-b4b0-4d35-b662-ec4e399d8365	b1111111-1111-1111-1111-111111111111	2025-12-22 10:03:00.016967+01	2025-12-22 10:03:06.187509+01	2	f	f	2025-12-22 10:02:56.458382+01	2025-12-22 10:03:06.187553+01
b51aa923-c882-42b8-86b2-0283a7d1178a	1314fb65-7f0a-4ca8-a39c-8fe79c84e3c1	b2222222-2222-2222-2222-222222222222	2025-12-21 22:27:49.487689+01	2025-12-21 22:28:25.866113+01	2	f	t	2025-12-21 22:27:49.487688+01	2025-12-21 22:28:25.86617+01
db49f590-5692-45da-a2e3-4f1abb1aa184	1314fb65-7f0a-4ca8-a39c-8fe79c84e3c1	b1111111-1111-1111-1111-111111111111	2025-12-21 22:28:08.378938+01	2025-12-21 22:28:25.866113+01	2	f	t	2025-12-21 22:27:49.48769+01	2025-12-21 22:28:25.86617+01
0b82ec17-33b4-47fa-941a-8718260dbade	1fb23b85-cf14-4f57-8620-f84f135dec2d	b1111111-1111-1111-1111-111111111111	2025-12-21 22:32:06.155255+01	2025-12-21 22:32:18.171836+01	2	f	t	2025-12-21 22:32:02.798947+01	2025-12-21 22:32:18.171929+01
ae19b631-cc4b-432b-9dec-76a63fc22700	1fb23b85-cf14-4f57-8620-f84f135dec2d	b2222222-2222-2222-2222-222222222222	2025-12-21 22:32:02.798946+01	2025-12-21 22:32:18.171836+01	2	f	t	2025-12-21 22:32:02.798946+01	2025-12-21 22:32:18.171929+01
6ffa0dc2-7ce3-4ae0-a359-5e4fa404d347	fe8e5654-b91f-4561-9f61-96feb2edba0f	b2222222-2222-2222-2222-222222222222	2025-12-21 22:33:04.694144+01	2025-12-21 22:33:17.153665+01	2	f	f	2025-12-21 22:33:04.694143+01	2025-12-21 22:33:17.153718+01
e5d45e23-e46d-431b-812c-2df871d7c567	fe8e5654-b91f-4561-9f61-96feb2edba0f	b1111111-1111-1111-1111-111111111111	\N	\N	3	f	f	2025-12-21 22:33:04.694145+01	2025-12-21 22:33:17.153718+01
298379aa-9511-47f2-aa88-541d4327b27c	737c333a-38cb-4980-922d-c3a45675a48f	b2222222-2222-2222-2222-222222222222	\N	\N	4	f	f	2025-12-22 00:04:23.127256+01	2025-12-22 00:04:41.703699+01
4dcaecbe-dc47-4a28-ab03-1a4e8f4dd4c6	8fad39d0-c92f-4a2f-87ba-e6813e7160b2	b2222222-2222-2222-2222-222222222222	\N	\N	3	f	f	2025-12-22 00:05:07.156808+01	2025-12-22 00:05:10.99186+01
71566261-e6ea-4b97-8f9e-0d5f7d4625fd	8fad39d0-c92f-4a2f-87ba-e6813e7160b2	b1111111-1111-1111-1111-111111111111	2025-12-22 00:05:07.15681+01	2025-12-22 00:05:10.991817+01	2	f	f	2025-12-22 00:05:07.15681+01	2025-12-22 00:05:10.99186+01
a2ab8027-0f92-4329-a205-2f4bbcb927c5	737c333a-38cb-4980-922d-c3a45675a48f	b1111111-1111-1111-1111-111111111111	2025-12-22 00:04:23.127258+01	2025-12-22 00:05:29.006663+01	2	f	f	2025-12-22 00:04:23.127258+01	2025-12-22 00:05:29.011004+01
0a7baa85-5a5c-4bdc-8a59-d60220cac75e	55bb9e80-2e48-4944-a663-739d5fc92c00	b2222222-2222-2222-2222-222222222222	2025-12-22 00:05:41.792387+01	2025-12-22 00:06:07.66468+01	2	f	f	2025-12-22 00:05:41.792387+01	2025-12-22 00:06:07.665114+01
4d2973cf-db4b-43a9-81de-93facab47fee	55bb9e80-2e48-4944-a663-739d5fc92c00	b1111111-1111-1111-1111-111111111111	\N	\N	3	f	f	2025-12-22 00:05:41.792397+01	2025-12-22 00:06:07.665114+01
489de0cd-9771-456b-bfeb-f77351d8fc6b	854888ab-b7cd-4d08-8071-e203da69f2bc	b1111111-1111-1111-1111-111111111111	\N	\N	3	f	f	2025-12-22 00:10:28.623458+01	2025-12-22 00:10:49.795892+01
7770789c-a16c-431d-a5fc-d8bac57340f0	854888ab-b7cd-4d08-8071-e203da69f2bc	b2222222-2222-2222-2222-222222222222	2025-12-22 00:10:28.623457+01	2025-12-22 00:10:49.795689+01	2	f	f	2025-12-22 00:10:28.623456+01	2025-12-22 00:10:49.795893+01
93ebee76-2556-439e-950d-015994f6a406	17d0d6cf-8337-4236-912d-1e791717c3f1	b1111111-1111-1111-1111-111111111111	2025-12-22 00:10:58.248516+01	2025-12-22 00:11:03.481823+01	2	f	f	2025-12-22 00:10:53.977255+01	2025-12-22 00:11:03.481873+01
b33e5d8f-4fc7-45d4-88ba-c68bc9bbeecb	17d0d6cf-8337-4236-912d-1e791717c3f1	b2222222-2222-2222-2222-222222222222	2025-12-22 00:10:53.977224+01	2025-12-22 00:11:03.481823+01	2	f	f	2025-12-22 00:10:53.977224+01	2025-12-22 00:11:03.481873+01
a967786a-ff72-486d-bca1-6633b4359a70	0c4227e1-ea9b-46b9-a4a1-9d9f9cafd9f3	b1111111-1111-1111-1111-111111111111	\N	\N	3	f	f	2025-12-22 10:02:40.391638+01	2025-12-22 10:02:51.900708+01
05ff5e36-9ce3-4bc8-992f-05324ae6d956	4d6a4583-c172-4645-bc30-a1fb9444bc5a	b1111111-1111-1111-1111-111111111111	2025-12-22 10:03:10.02566+01	2025-12-22 10:03:13.59817+01	2	f	f	2025-12-22 10:03:10.02566+01	2025-12-22 10:03:13.59822+01
6ed0ae83-210e-49f3-b2f0-a208ef8fccee	4d6a4583-c172-4645-bc30-a1fb9444bc5a	b2222222-2222-2222-2222-222222222222	2025-12-22 10:03:11.744789+01	2025-12-22 10:03:13.59817+01	2	f	f	2025-12-22 10:03:10.025659+01	2025-12-22 10:03:13.59822+01
263f6ce1-0710-4f26-a1d4-01e442917067	83a66169-6f87-439a-89f6-68911a1b5146	b1111111-1111-1111-1111-111111111111	2025-12-22 10:03:20.509002+01	2025-12-22 10:03:32.177957+01	2	f	t	2025-12-22 10:03:17.80686+01	2025-12-22 10:03:32.179924+01
88f7904d-fc8e-42e6-b57a-8bf8e53886c1	83a66169-6f87-439a-89f6-68911a1b5146	b2222222-2222-2222-2222-222222222222	2025-12-22 10:03:17.80686+01	2025-12-22 10:03:32.177957+01	2	f	t	2025-12-22 10:03:17.806859+01	2025-12-22 10:03:32.179924+01
336b2a80-f00d-4446-8eb0-bba59970f0b7	d67b77ca-5d4d-4a7f-ab25-1ae891de22e6	b2222222-2222-2222-2222-222222222222	2025-12-22 12:08:01.135788+01	2025-12-22 12:12:12.844329+01	2	f	f	2025-12-22 12:08:01.135762+01	2025-12-22 12:12:12.844972+01
5df68010-d8c0-4652-a1a4-78331a4f02b7	d67b77ca-5d4d-4a7f-ab25-1ae891de22e6	b1111111-1111-1111-1111-111111111111	2025-12-22 12:08:11.164743+01	2025-12-22 12:12:12.84435+01	2	f	f	2025-12-22 12:08:01.13582+01	2025-12-22 12:12:12.844972+01
7b9defd3-2cbc-4788-ac3c-a7f83aa7b411	83d6ac12-d8f6-451a-a8f3-feebb0105b3e	b1111111-1111-1111-1111-111111111111	2025-12-22 12:19:24.018618+01	2025-12-22 12:19:31.463736+01	2	f	f	2025-12-22 12:19:16.740409+01	2025-12-22 12:19:31.463791+01
846640bb-0802-439c-84f6-858aa78105a3	83d6ac12-d8f6-451a-a8f3-feebb0105b3e	b2222222-2222-2222-2222-222222222222	2025-12-22 12:19:16.740408+01	2025-12-22 12:19:31.463736+01	2	f	f	2025-12-22 12:19:16.740408+01	2025-12-22 12:19:31.463791+01
3c8492bc-430d-4ef6-be97-843e255aea5b	67745aff-2851-43f0-805a-52752bf1088a	b2222222-2222-2222-2222-222222222222	2025-12-22 12:19:45.591306+01	2025-12-22 12:24:14.186682+01	2	f	t	2025-12-22 12:19:45.591305+01	2025-12-22 12:24:14.186874+01
fc16f06e-9f45-437d-bdd5-31847d41551d	67745aff-2851-43f0-805a-52752bf1088a	b1111111-1111-1111-1111-111111111111	2025-12-22 12:19:49.251811+01	2025-12-22 12:24:14.186682+01	2	f	t	2025-12-22 12:19:45.591307+01	2025-12-22 12:24:14.186874+01
\.


--
-- Data for Name: Calls; Type: TABLE DATA; Schema: public; Owner: nics_user
--

COPY public."Calls" ("Id", "ConversationId", "InitiatorId", "Type", "Status", "StartedAt", "EndedAt", "Duration", "RoomId", "RoomToken", "CreatedAt", "UpdatedAt") FROM stdin;
4525e708-54fe-4a7d-8c08-48f226bd65a4	c3333333-3333-3333-3333-333333333333	b1111111-1111-1111-1111-111111111111	0	2	2025-12-20 20:38:33.675579+01	2025-12-21 16:17:48.237559+01	\N	call_51c48528-c0ee-4700-ac55-d229e65c4a58	\N	2025-12-20 20:38:33.674025+01	2025-12-20 20:38:33.674025+01
62787a8c-fae8-4c02-a0c1-dffb2ad35097	c1111111-1111-1111-1111-111111111111	b2222222-2222-2222-2222-222222222222	0	2	2025-12-21 15:03:38.633095+01	2025-12-21 16:17:48.237559+01	\N	call_86a319b6-74e7-4dbd-9e45-0b97f54fba02	\N	2025-12-21 15:03:38.63302+01	2025-12-21 15:03:38.63302+01
7b9efd08-50ff-4047-98d7-86ce5ea91526	c1111111-1111-1111-1111-111111111111	b1111111-1111-1111-1111-111111111111	0	2	2025-12-21 16:20:42.4095+01	2025-12-21 16:27:47.905904+01	\N	call_9434a214-0c92-4b68-a33f-d02c802b0893	\N	2025-12-21 16:20:42.409425+01	2025-12-21 16:20:42.409425+01
72749cd3-db9a-45e5-9918-af09875d3d5f	c1111111-1111-1111-1111-111111111111	b1111111-1111-1111-1111-111111111111	0	2	2025-12-21 16:37:39.784523+01	2025-12-21 18:45:39.243906+01	\N	call_54c268a2-e670-4075-a008-493ca6f53b32	\N	2025-12-21 16:37:39.784464+01	2025-12-21 16:37:39.784464+01
baf49275-f683-4c22-b038-cb9bc0572e6f	c1111111-1111-1111-1111-111111111111	b1111111-1111-1111-1111-111111111111	0	2	2025-12-21 18:47:58.066945+01	2025-12-21 18:48:19.831791+01	21	call_6a9e06cf-b718-4d42-a2ae-75c8155618f7	\N	2025-12-21 18:47:58.06686+01	2025-12-21 18:48:19.832505+01
0f2b068e-6c9f-4405-b059-faf0071700d9	c1111111-1111-1111-1111-111111111111	b1111111-1111-1111-1111-111111111111	0	2	2025-12-21 18:48:41.278658+01	2025-12-21 18:48:48.03923+01	6	call_fa8f1728-610a-4e50-aaad-001b570f29ae	\N	2025-12-21 18:48:41.278658+01	2025-12-21 18:48:48.039316+01
008a2d27-60ab-4dcb-a2ee-7880c1140afe	c1111111-1111-1111-1111-111111111111	b2222222-2222-2222-2222-222222222222	0	2	2025-12-21 18:48:55.110711+01	2025-12-21 18:55:55.569899+01	\N	call_0c61e039-748a-4b31-83be-fec29481578a	\N	2025-12-21 18:48:55.11071+01	2025-12-21 18:48:55.110711+01
4b0b8466-3fda-496d-b262-18411652961c	c1111111-1111-1111-1111-111111111111	b1111111-1111-1111-1111-111111111111	0	2	2025-12-21 18:58:38.884524+01	2025-12-21 18:58:47.389596+01	8	call_80049935-556d-49c6-98d6-3b1e4fe9b8f0	\N	2025-12-21 18:58:38.884524+01	2025-12-21 18:58:47.389697+01
1abf6a30-86c4-4dfb-a7ff-9e48eeca3ab4	c1111111-1111-1111-1111-111111111111	b2222222-2222-2222-2222-222222222222	0	2	2025-12-21 18:58:54.47147+01	2025-12-21 19:02:58.587801+01	\N	call_6c3bd476-06b9-4924-aae9-8737fc6f51ec	\N	2025-12-21 18:58:54.47147+01	2025-12-21 18:58:54.47147+01
3b32112c-43b5-4ecb-9270-f218ea8135c8	c1111111-1111-1111-1111-111111111111	b1111111-1111-1111-1111-111111111111	0	2	2025-12-21 19:11:11.010844+01	2025-12-21 19:11:34.345523+01	23	call_7aa6df99-0114-44ab-aba0-f4c7772b89ad	\N	2025-12-21 19:11:11.010773+01	2025-12-21 19:11:34.345994+01
80f8a6af-7b6f-435e-8045-3529c02249cb	c1111111-1111-1111-1111-111111111111	b1111111-1111-1111-1111-111111111111	0	2	2025-12-21 19:11:49.989158+01	2025-12-21 19:13:52.935405+01	\N	call_e79c4163-18f1-4ef6-9f00-d21aabbe8fb6	\N	2025-12-21 19:11:49.989158+01	2025-12-21 19:11:49.989158+01
9f9966ba-0cf1-4a6c-86d4-70d7e81fb546	c1111111-1111-1111-1111-111111111111	b1111111-1111-1111-1111-111111111111	0	2	2025-12-21 19:17:49.680635+01	2025-12-21 19:17:59.484208+01	9	call_5b7048f7-a717-4395-81cf-eb92709887c7	\N	2025-12-21 19:17:49.680635+01	2025-12-21 19:17:59.484565+01
617abc95-4432-41d0-b9d9-24b60d51098a	c1111111-1111-1111-1111-111111111111	b1111111-1111-1111-1111-111111111111	0	2	2025-12-21 19:31:07.792506+01	2025-12-21 19:31:18.004604+01	10	call_7449ee80-acd3-46b3-b9cb-b9d228adfdae	\N	2025-12-21 19:31:07.792506+01	2025-12-21 19:31:18.004646+01
1eca69b3-5c75-4368-af77-e34722ddb2c3	c1111111-1111-1111-1111-111111111111	b2222222-2222-2222-2222-222222222222	0	2	2025-12-21 19:31:21.029729+01	2025-12-21 19:34:17.457555+01	\N	call_8a21022b-c48f-469b-b4e6-ecec2af5538a	\N	2025-12-21 19:31:21.029728+01	2025-12-21 19:31:21.029729+01
ffcd5774-3f9e-444e-9677-a3a223e07cfb	c1111111-1111-1111-1111-111111111111	b1111111-1111-1111-1111-111111111111	0	2	2025-12-21 19:56:36.551144+01	2025-12-21 19:56:52.194378+01	15	call_b0746519-77f1-4d4b-88be-21a4648b24a5	\N	2025-12-21 19:56:36.551143+01	2025-12-21 19:56:52.194853+01
35eebee7-2c93-4a1d-ba75-a071c88d4cc5	c1111111-1111-1111-1111-111111111111	b2222222-2222-2222-2222-222222222222	0	2	2025-12-21 19:56:57.766439+01	2025-12-21 20:44:45.309283+01	\N	call_fd047b47-b010-4e4a-b987-cee646864dd6	\N	2025-12-21 19:56:57.766438+01	2025-12-21 19:56:57.766439+01
792f3658-1744-4f56-a3b8-58851e9610b7	c1111111-1111-1111-1111-111111111111	b2222222-2222-2222-2222-222222222222	0	2	2025-12-21 20:47:13.521879+01	2025-12-21 20:47:22.859926+01	9	call_cad6a443-6ca1-49fa-8a77-644c966f61b2	\N	2025-12-21 20:47:13.521817+01	2025-12-21 20:47:22.860185+01
ef31d644-27a7-4fb6-8938-95f0b7adff04	c1111111-1111-1111-1111-111111111111	b1111111-1111-1111-1111-111111111111	0	2	2025-12-21 21:01:54.341557+01	2025-12-21 21:02:30.867312+01	36	call_cb6abd8b-c83c-4b1d-8d93-7de6567fa858	\N	2025-12-21 21:01:54.341557+01	2025-12-21 21:02:30.870511+01
63fdced5-aceb-4f8f-83cf-bad53af80bde	c1111111-1111-1111-1111-111111111111	b2222222-2222-2222-2222-222222222222	0	2	2025-12-21 20:51:14.425584+01	2025-12-21 20:51:42.601865+01	28	call_075a0b2c-810f-4132-950c-dc7fe0903415	\N	2025-12-21 20:51:14.425584+01	2025-12-21 20:51:42.602343+01
3c94ac29-1306-4b04-a59e-e506398f0d73	c1111111-1111-1111-1111-111111111111	b1111111-1111-1111-1111-111111111111	0	2	2025-12-21 20:51:53.213174+01	2025-12-21 20:52:08.067753+01	14	call_07ae573c-eafc-445a-bc92-c978159a0aa0	\N	2025-12-21 20:51:53.213173+01	2025-12-21 20:52:08.067812+01
20f75c0c-e1cd-46e4-b3ca-a493636c612f	c1111111-1111-1111-1111-111111111111	b1111111-1111-1111-1111-111111111111	0	2	2025-12-21 21:01:23.36114+01	2025-12-21 21:01:51.053997+01	27	call_54592687-048b-463b-8b06-443f9a10f966	\N	2025-12-21 21:01:23.361076+01	2025-12-21 21:01:51.054397+01
949bc1a5-46e9-40fc-a7d4-43bfcd8762cd	c1111111-1111-1111-1111-111111111111	b1111111-1111-1111-1111-111111111111	0	2	2025-12-21 21:12:36.652997+01	2025-12-21 21:12:54.65179+01	17	call_cd1dd919-06a3-46e5-a0ba-a5024aea1aa4	\N	2025-12-21 21:12:36.652996+01	2025-12-21 21:12:54.651837+01
ad7cc23e-d1e3-4e7e-bdf6-0ffe027d5d28	c1111111-1111-1111-1111-111111111111	b2222222-2222-2222-2222-222222222222	0	2	2025-12-21 21:57:21.016718+01	2025-12-21 21:57:37.168571+01	16	call_8aa54c65-4a0a-4822-ab07-3f23c90aae01	\N	2025-12-21 21:57:21.016718+01	2025-12-21 21:57:37.168778+01
08f51043-066b-4a20-847a-11e4b95011bc	c1111111-1111-1111-1111-111111111111	b1111111-1111-1111-1111-111111111111	0	2	2025-12-21 21:18:13.521205+01	2025-12-21 21:18:26.246937+01	12	call_5bd361a8-66ad-4b15-b813-125503bee5f8	\N	2025-12-21 21:18:13.521205+01	2025-12-21 21:18:26.247166+01
446b21aa-1594-4c0a-977c-19e2dd948e1d	c1111111-1111-1111-1111-111111111111	b1111111-1111-1111-1111-111111111111	0	2	2025-12-21 21:23:19.24866+01	2025-12-21 21:23:28.900081+01	9	call_84c853fe-1e24-44ca-8fa5-a23e2fdd11ff	\N	2025-12-21 21:23:19.248659+01	2025-12-21 21:23:28.900178+01
09605eae-6e19-4a13-996f-55ead0afc817	c1111111-1111-1111-1111-111111111111	b1111111-1111-1111-1111-111111111111	1	2	2025-12-21 22:14:15.615058+01	2025-12-21 22:14:37.441966+01	21	call_e983bf53-b27f-427b-a572-2c86e61372e1	\N	2025-12-21 22:14:15.615058+01	2025-12-21 22:14:37.442057+01
c84e4b31-f4cd-4acb-9783-466633a55e09	c1111111-1111-1111-1111-111111111111	b2222222-2222-2222-2222-222222222222	0	2	2025-12-21 21:23:34.644282+01	2025-12-21 21:24:02.491061+01	27	call_f5bf847f-5567-413b-a908-dd9a82844adf	\N	2025-12-21 21:23:34.644282+01	2025-12-21 21:24:02.49139+01
7e85bba7-00b9-42fb-94c6-3eed0073cb75	c1111111-1111-1111-1111-111111111111	b2222222-2222-2222-2222-222222222222	1	2	2025-12-21 21:57:45.034204+01	2025-12-21 21:59:21.378875+01	96	call_819e485e-45d2-41dc-8a8b-f2a4e13daf5d	\N	2025-12-21 21:57:45.034204+01	2025-12-21 21:59:21.379472+01
5b93854d-f424-4e85-b350-201b7f6accde	c1111111-1111-1111-1111-111111111111	b1111111-1111-1111-1111-111111111111	0	2	2025-12-21 21:28:18.453626+01	2025-12-21 21:29:03.947667+01	45	call_abe34887-13ab-4816-9fb8-cff7a82e2da4	\N	2025-12-21 21:28:18.453626+01	2025-12-21 21:29:03.94776+01
413d5338-3a70-4c0e-b027-df02975bf75e	c1111111-1111-1111-1111-111111111111	b2222222-2222-2222-2222-222222222222	0	2	2025-12-21 21:29:10.923164+01	2025-12-21 21:50:55.124362+01	\N	call_c766ac63-b727-46e6-b374-9149122235ff	\N	2025-12-21 21:29:10.923164+01	2025-12-21 21:29:14.987295+01
f49c5b3e-d3d4-4521-b9dd-77a645b7c6ac	c1111111-1111-1111-1111-111111111111	b1111111-1111-1111-1111-111111111111	1	2	2025-12-21 22:01:28.128361+01	2025-12-21 22:01:43.384021+01	15	call_506429b4-c094-4263-8e5e-e64b791f9fc0	\N	2025-12-21 22:01:28.128361+01	2025-12-21 22:01:43.386814+01
cb1082b2-f685-45ff-82cb-3676f3d7d4da	c1111111-1111-1111-1111-111111111111	b1111111-1111-1111-1111-111111111111	0	2	2025-12-21 21:56:31.56263+01	2025-12-21 21:56:57.453811+01	25	call_3fba87ea-212d-4c72-a778-21087b4f1d09	\N	2025-12-21 21:56:31.562564+01	2025-12-21 21:56:57.454455+01
b688d945-604a-455a-a5be-1ff020ecd9d9	c1111111-1111-1111-1111-111111111111	b1111111-1111-1111-1111-111111111111	1	2	2025-12-21 22:04:02.913933+01	2025-12-21 22:04:32.271938+01	29	call_a05b5138-d126-4178-9fdf-d64fe6c91853	\N	2025-12-21 22:04:02.913933+01	2025-12-21 22:04:32.272042+01
dca37c01-63c4-4580-a16d-8b914fef6c31	c1111111-1111-1111-1111-111111111111	b2222222-2222-2222-2222-222222222222	1	2	2025-12-21 22:16:50.934282+01	2025-12-21 22:17:04.794526+01	13	call_bd2fe9d4-1374-4007-90b4-ce9b83643c51	\N	2025-12-21 22:16:50.934282+01	2025-12-21 22:17:04.794577+01
24871003-b072-433c-84b6-8413297e78de	c1111111-1111-1111-1111-111111111111	b1111111-1111-1111-1111-111111111111	1	2	2025-12-21 22:12:38.33083+01	2025-12-21 22:13:27.529291+01	49	call_c3d04569-ea01-497e-9f10-8bc936f75b69	\N	2025-12-21 22:12:38.33083+01	2025-12-21 22:13:27.52975+01
d4e26056-6fc6-4354-b03c-bb115e915e2d	c1111111-1111-1111-1111-111111111111	b2222222-2222-2222-2222-222222222222	1	2	2025-12-21 22:14:41.649479+01	2025-12-21 22:14:55.740613+01	14	call_327241b5-51fd-467b-bc68-995c5e1d280c	\N	2025-12-21 22:14:41.649478+01	2025-12-21 22:14:55.740912+01
33a85940-2a7e-44e2-9ade-e53a8b020528	c1111111-1111-1111-1111-111111111111	b1111111-1111-1111-1111-111111111111	1	2	2025-12-21 22:16:34.034169+01	2025-12-21 22:16:47.580381+01	13	call_a13efd8b-aea9-4fd4-b1ff-241ece57eee2	\N	2025-12-21 22:16:34.034169+01	2025-12-21 22:16:47.580483+01
f0805459-62d6-4c58-91fb-fb8f8bcc17c4	c1111111-1111-1111-1111-111111111111	b2222222-2222-2222-2222-222222222222	1	2	2025-12-21 22:26:32.255878+01	2025-12-21 22:27:05.038834+01	32	call_e3b0209e-cce6-437c-9ad4-cd8e88a19627	\N	2025-12-21 22:26:32.255878+01	2025-12-21 22:27:05.039291+01
99f02a21-1ba6-4a2c-86b3-5576ed5b2c7d	c1111111-1111-1111-1111-111111111111	b1111111-1111-1111-1111-111111111111	1	2	2025-12-21 22:25:27.597394+01	2025-12-21 22:26:25.048492+01	57	call_99aa6bc9-e007-4a65-aec6-eed0efcb2ee2	\N	2025-12-21 22:25:27.597394+01	2025-12-21 22:26:25.048833+01
d4dce5a7-86cf-412b-b8f2-d46dcb144dd5	c1111111-1111-1111-1111-111111111111	b2222222-2222-2222-2222-222222222222	0	2	2025-12-21 22:27:25.16886+01	2025-12-21 22:27:36.979368+01	11	call_a08bdad3-0e31-47b5-b40e-55a4809ef399	\N	2025-12-21 22:27:25.16886+01	2025-12-21 22:27:36.979406+01
1314fb65-7f0a-4ca8-a39c-8fe79c84e3c1	c1111111-1111-1111-1111-111111111111	b2222222-2222-2222-2222-222222222222	1	2	2025-12-21 22:27:49.487686+01	2025-12-21 22:28:25.866111+01	36	call_b3931000-bc88-4404-95c0-7de1ec8d4cc2	\N	2025-12-21 22:27:49.487686+01	2025-12-21 22:28:25.866167+01
1fb23b85-cf14-4f57-8620-f84f135dec2d	c1111111-1111-1111-1111-111111111111	b2222222-2222-2222-2222-222222222222	1	2	2025-12-21 22:32:02.798944+01	2025-12-21 22:32:18.171833+01	15	call_90268824-1adc-4370-9ef5-7c4256bfe8b0	\N	2025-12-21 22:32:02.798944+01	2025-12-21 22:32:18.171929+01
fe8e5654-b91f-4561-9f61-96feb2edba0f	c1111111-1111-1111-1111-111111111111	b2222222-2222-2222-2222-222222222222	0	2	2025-12-21 22:33:04.694141+01	2025-12-21 22:33:17.153663+01	12	call_712dd0c9-4148-4c9c-8b2f-309bf992ad9e	\N	2025-12-21 22:33:04.69414+01	2025-12-21 22:33:17.153717+01
8fad39d0-c92f-4a2f-87ba-e6813e7160b2	c1111111-1111-1111-1111-111111111111	b1111111-1111-1111-1111-111111111111	0	2	2025-12-22 00:05:07.156804+01	2025-12-22 00:05:10.991815+01	3	call_c64a78fd-d36b-4f80-bf25-82b4d276eaf1	\N	2025-12-22 00:05:07.156803+01	2025-12-22 00:05:10.991859+01
737c333a-38cb-4980-922d-c3a45675a48f	c1111111-1111-1111-1111-111111111111	b1111111-1111-1111-1111-111111111111	0	2	2025-12-22 00:04:23.127253+01	2025-12-22 00:05:29.006661+01	65	call_0526fe7e-989f-45ba-99e2-3a7e5f1dbe75	\N	2025-12-22 00:04:23.127253+01	2025-12-22 00:05:29.011004+01
55bb9e80-2e48-4944-a663-739d5fc92c00	c1111111-1111-1111-1111-111111111111	b2222222-2222-2222-2222-222222222222	0	2	2025-12-22 00:05:41.792385+01	2025-12-22 00:06:07.664668+01	25	call_63da9e0a-5667-4524-bac1-2cb3d231a6c3	\N	2025-12-22 00:05:41.792385+01	2025-12-22 00:06:07.665114+01
854888ab-b7cd-4d08-8071-e203da69f2bc	c1111111-1111-1111-1111-111111111111	b2222222-2222-2222-2222-222222222222	0	2	2025-12-22 00:10:28.623453+01	2025-12-22 00:10:49.795675+01	21	call_efe95080-9e1f-4719-9986-30d17a184362	\N	2025-12-22 00:10:28.623453+01	2025-12-22 00:10:49.795892+01
17d0d6cf-8337-4236-912d-1e791717c3f1	c1111111-1111-1111-1111-111111111111	b2222222-2222-2222-2222-222222222222	0	2	2025-12-22 00:10:53.977221+01	2025-12-22 00:11:03.481821+01	9	call_db988e0a-ee47-4800-b4d8-96ef80fe42f8	\N	2025-12-22 00:10:53.97722+01	2025-12-22 00:11:03.481872+01
0c4227e1-ea9b-46b9-a4a1-9d9f9cafd9f3	c1111111-1111-1111-1111-111111111111	b2222222-2222-2222-2222-222222222222	0	2	2025-12-22 10:02:40.391633+01	2025-12-22 10:02:51.900585+01	11	call_32dfbfa0-14a1-441d-ba32-a4bb332540ea	\N	2025-12-22 10:02:40.391633+01	2025-12-22 10:02:51.900708+01
07641683-b4b0-4d35-b662-ec4e399d8365	c1111111-1111-1111-1111-111111111111	b2222222-2222-2222-2222-222222222222	0	2	2025-12-22 10:02:56.458377+01	2025-12-22 10:03:06.187507+01	9	call_d772b97f-d3c9-440c-b09a-64f37f794cbb	\N	2025-12-22 10:02:56.458377+01	2025-12-22 10:03:06.187553+01
4d6a4583-c172-4645-bc30-a1fb9444bc5a	c1111111-1111-1111-1111-111111111111	b1111111-1111-1111-1111-111111111111	0	2	2025-12-22 10:03:10.025655+01	2025-12-22 10:03:13.598167+01	3	call_20d0978e-6a20-47d3-b559-cef6c019dcea	\N	2025-12-22 10:03:10.025655+01	2025-12-22 10:03:13.598219+01
83a66169-6f87-439a-89f6-68911a1b5146	c1111111-1111-1111-1111-111111111111	b2222222-2222-2222-2222-222222222222	1	2	2025-12-22 10:03:17.806855+01	2025-12-22 10:03:32.177848+01	14	call_a8db8eb9-57d3-42c1-b032-3bfcd351e7b8	\N	2025-12-22 10:03:17.806855+01	2025-12-22 10:03:32.179923+01
d67b77ca-5d4d-4a7f-ab25-1ae891de22e6	c1111111-1111-1111-1111-111111111111	b2222222-2222-2222-2222-222222222222	0	2	2025-12-22 12:08:01.135615+01	2025-12-22 12:12:12.844126+01	251	call_8e7547b6-5b79-4a30-9f5a-68f3317e749c	\N	2025-12-22 12:08:01.135554+01	2025-12-22 12:12:12.844972+01
83d6ac12-d8f6-451a-a8f3-feebb0105b3e	c1111111-1111-1111-1111-111111111111	b2222222-2222-2222-2222-222222222222	0	2	2025-12-22 12:19:16.740403+01	2025-12-22 12:19:31.463733+01	14	call_fbc6845e-dd86-4091-a0df-564798aee252	\N	2025-12-22 12:19:16.740403+01	2025-12-22 12:19:31.46379+01
67745aff-2851-43f0-805a-52752bf1088a	c1111111-1111-1111-1111-111111111111	b2222222-2222-2222-2222-222222222222	1	2	2025-12-22 12:19:45.591301+01	2025-12-22 12:24:14.18668+01	268	call_cf03d741-ed6e-4c8d-90df-31cab7d17f00	\N	2025-12-22 12:19:45.5913+01	2025-12-22 12:24:14.186873+01
\.


--
-- Data for Name: Contacts; Type: TABLE DATA; Schema: public; Owner: nics_user
--

COPY public."Contacts" ("Id", "UserId", "ContactUserId", "Nickname", "IsFavorite", "CreatedAt", "UpdatedAt") FROM stdin;
15fcbf93-3fd3-41f3-b3c7-b8306b0100bb	b1111111-1111-1111-1111-111111111111	b2222222-2222-2222-2222-222222222222	\N	f	2025-12-20 17:39:50.966486+01	2025-12-20 17:39:50.966486+01
205088de-86a1-4418-805e-b181b03216d2	b5555555-5555-5555-5555-555555555555	b2222222-2222-2222-2222-222222222222	\N	f	2025-12-20 17:39:50.966534+01	2025-12-20 17:39:50.966534+01
24067a45-a06a-4588-8c16-c65585eb4552	b4444444-4444-4444-4444-444444444444	b2222222-2222-2222-2222-222222222222	\N	f	2025-12-20 17:39:50.966533+01	2025-12-20 17:39:50.966533+01
479cdcdc-8b5b-49e1-8c8b-5802b8695367	b3333333-3333-3333-3333-333333333333	b2222222-2222-2222-2222-222222222222	\N	f	2025-12-20 17:39:50.966531+01	2025-12-20 17:39:50.966531+01
4aca39dc-3736-4648-a8ff-172569203640	b3333333-3333-3333-3333-333333333333	b1111111-1111-1111-1111-111111111111	\N	f	2025-12-20 17:39:50.966531+01	2025-12-20 17:39:50.966531+01
586f84bb-66f2-4a36-b6af-8dfca9ae8af5	b5555555-5555-5555-5555-555555555555	b3333333-3333-3333-3333-333333333333	\N	f	2025-12-20 17:39:50.966535+01	2025-12-20 17:39:50.966535+01
61bddf34-3dac-47cc-9115-121ec1c2e078	b5555555-5555-5555-5555-555555555555	b1111111-1111-1111-1111-111111111111	\N	f	2025-12-20 17:39:50.966534+01	2025-12-20 17:39:50.966534+01
645d342e-31ed-48bf-a1e0-90b5f690579a	b1111111-1111-1111-1111-111111111111	b4444444-4444-4444-4444-444444444444	\N	f	2025-12-20 17:39:50.966526+01	2025-12-20 17:39:50.966526+01
7e32cae8-486b-4b1e-85ca-337128344c79	b2222222-2222-2222-2222-222222222222	b5555555-5555-5555-5555-555555555555	\N	f	2025-12-20 17:39:50.96653+01	2025-12-20 17:39:50.96653+01
89e864fe-a694-49e6-b8d4-81d1a1ce58ab	b5555555-5555-5555-5555-555555555555	b4444444-4444-4444-4444-444444444444	\N	f	2025-12-20 17:39:50.966535+01	2025-12-20 17:39:50.966535+01
94a6d472-fc06-4a82-823b-14fa99157ad0	b4444444-4444-4444-4444-444444444444	b1111111-1111-1111-1111-111111111111	\N	f	2025-12-20 17:39:50.966532+01	2025-12-20 17:39:50.966532+01
ac3ab440-067c-4f40-b19b-c85d972f8416	b1111111-1111-1111-1111-111111111111	b5555555-5555-5555-5555-555555555555	\N	f	2025-12-20 17:39:50.966526+01	2025-12-20 17:39:50.966526+01
bb7a7926-d6c0-4ffa-8d35-899489f83697	b2222222-2222-2222-2222-222222222222	b4444444-4444-4444-4444-444444444444	\N	f	2025-12-20 17:39:50.96653+01	2025-12-20 17:39:50.96653+01
bda42506-3798-4a74-a41f-ab610e08bb27	b3333333-3333-3333-3333-333333333333	b4444444-4444-4444-4444-444444444444	\N	f	2025-12-20 17:39:50.966531+01	2025-12-20 17:39:50.966531+01
c523549b-ea50-4914-abde-856facb55f55	b4444444-4444-4444-4444-444444444444	b3333333-3333-3333-3333-333333333333	\N	f	2025-12-20 17:39:50.966533+01	2025-12-20 17:39:50.966533+01
c89f0745-ad40-4af6-a7d8-3cb7da093d65	b1111111-1111-1111-1111-111111111111	b3333333-3333-3333-3333-333333333333	\N	f	2025-12-20 17:39:50.966526+01	2025-12-20 17:39:50.966526+01
dec3c5a2-d3c2-4313-9de7-6db15c513552	b3333333-3333-3333-3333-333333333333	b5555555-5555-5555-5555-555555555555	\N	f	2025-12-20 17:39:50.966532+01	2025-12-20 17:39:50.966532+01
df59d878-010a-4d51-9040-02e845aad348	b4444444-4444-4444-4444-444444444444	b5555555-5555-5555-5555-555555555555	\N	f	2025-12-20 17:39:50.966533+01	2025-12-20 17:39:50.966533+01
f978c68c-7708-4d26-ba3e-777363940000	b2222222-2222-2222-2222-222222222222	b1111111-1111-1111-1111-111111111111	\N	f	2025-12-20 17:39:50.966529+01	2025-12-20 17:39:50.966529+01
ff0e6619-d913-4d21-8b00-fe31bf8f3a27	b2222222-2222-2222-2222-222222222222	b3333333-3333-3333-3333-333333333333	\N	f	2025-12-20 17:39:50.966529+01	2025-12-20 17:39:50.966529+01
\.


--
-- Data for Name: ConversationParticipants; Type: TABLE DATA; Schema: public; Owner: nics_user
--

COPY public."ConversationParticipants" ("Id", "ConversationId", "UserId", "Role", "JoinedAt", "LeftAt", "IsActive", "LastReadAt", "LastReadMessageId", "IsMuted", "MutedUntil", "CreatedAt", "UpdatedAt") FROM stdin;
4289d5fc-a830-41fb-a0c7-6b5995b7ec25	c1111111-1111-1111-1111-111111111111	b2222222-2222-2222-2222-222222222222	0	2025-12-20 17:39:51.008781+01	\N	t	\N	\N	f	\N	2025-12-20 17:39:51.00878+01	2025-12-20 17:39:51.00878+01
4b594821-8737-40c0-8c23-c30f585da150	c2222222-2222-2222-2222-222222222222	b1111111-1111-1111-1111-111111111111	0	2025-12-20 17:39:51.008781+01	\N	t	\N	\N	f	\N	2025-12-20 17:39:51.008781+01	2025-12-20 17:39:51.008781+01
5f1dbc2a-2dfe-480f-8786-ad898ea59145	c1111111-1111-1111-1111-111111111111	b1111111-1111-1111-1111-111111111111	0	2025-12-20 17:39:51.008765+01	\N	t	\N	\N	f	\N	2025-12-20 17:39:51.008704+01	2025-12-20 17:39:51.008704+01
8e2879fb-cd08-4c96-8618-5739b6afb49c	c3333333-3333-3333-3333-333333333333	b2222222-2222-2222-2222-222222222222	0	2025-12-20 17:39:51.008782+01	\N	t	\N	\N	f	\N	2025-12-20 17:39:51.008782+01	2025-12-20 17:39:51.008782+01
a6b6528f-4b6d-463c-97e8-86a0df9566f2	c3333333-3333-3333-3333-333333333333	b3333333-3333-3333-3333-333333333333	0	2025-12-20 17:39:51.008783+01	\N	t	\N	\N	f	\N	2025-12-20 17:39:51.008783+01	2025-12-20 17:39:51.008783+01
c9d2912e-602c-4ca0-bb62-56006cbdced7	c3333333-3333-3333-3333-333333333333	b4444444-4444-4444-4444-444444444444	0	2025-12-20 17:39:51.008783+01	\N	t	\N	\N	f	\N	2025-12-20 17:39:51.008783+01	2025-12-20 17:39:51.008783+01
cb97bd40-0ca5-4abc-98b0-ea12c747ba8c	c3333333-3333-3333-3333-333333333333	b1111111-1111-1111-1111-111111111111	1	2025-12-20 17:39:51.008782+01	\N	t	\N	\N	f	\N	2025-12-20 17:39:51.008782+01	2025-12-20 17:39:51.008782+01
dc4e0307-e1fc-4400-9958-27013d9fb72f	c2222222-2222-2222-2222-222222222222	b3333333-3333-3333-3333-333333333333	0	2025-12-20 17:39:51.008781+01	\N	t	\N	\N	f	\N	2025-12-20 17:39:51.008781+01	2025-12-20 17:39:51.008781+01
\.


--
-- Data for Name: Conversations; Type: TABLE DATA; Schema: public; Owner: nics_user
--

COPY public."Conversations" ("Id", "Type", "Name", "Description", "IconUrl", "CreatedById", "DefaultMessageExpiry", "IsArchived", "IsMuted", "MutedUntil", "LastMessageAt", "CreatedAt", "UpdatedAt") FROM stdin;
c2222222-2222-2222-2222-222222222222	0	\N	\N	\N	b1111111-1111-1111-1111-111111111111	0	f	f	\N	\N	2025-12-20 17:39:50.986976+01	2025-12-20 17:39:50.986976+01
c3333333-3333-3333-3333-333333333333	1	Operations Team	Main operations team discussion group	\N	b1111111-1111-1111-1111-111111111111	0	f	f	\N	\N	2025-12-20 17:39:50.986978+01	2025-12-20 20:09:57.745112+01
c1111111-1111-1111-1111-111111111111	0	\N	\N	\N	b1111111-1111-1111-1111-111111111111	0	f	f	\N	2025-12-22 11:10:57.614158+01	2025-12-20 17:39:50.986915+01	2025-12-22 11:10:57.614289+01
\.


--
-- Data for Name: LoginTokens; Type: TABLE DATA; Schema: public; Owner: nics_user
--

COPY public."LoginTokens" ("Id", "NominalRollId", "Token", "ExpiresAt", "IsUsed", "AttemptCount", "CreatedAt", "UpdatedAt") FROM stdin;
c75ba462-0ec3-42eb-a8c9-7958ed225cb1	a1111111-1111-1111-1111-111111111111	718176	2025-12-20 17:53:58.20971+01	t	0	2025-12-20 17:43:58.20967+01	2025-12-20 17:44:24.83811+01
be219b83-2721-41d2-bc4f-4ab3d1e7aaa1	a1111111-1111-1111-1111-111111111111	392195	2025-12-20 18:23:40.723198+01	t	0	2025-12-20 18:13:40.723197+01	2025-12-20 18:13:57.104352+01
b8b05f7e-ecf7-4e69-a5bb-35fea79142ea	a1111111-1111-1111-1111-111111111111	631587	2025-12-20 19:36:29.921903+01	t	0	2025-12-20 19:26:29.921757+01	2025-12-20 19:26:45.582961+01
944b361a-bd2f-4e15-877f-0d5b8df2f6d8	a1111111-1111-1111-1111-111111111111	144538	2025-12-20 20:10:12.323193+01	t	0	2025-12-20 20:00:12.323132+01	2025-12-20 20:00:34.093321+01
d65df01d-bc7d-4c31-9151-884316547546	a1111111-1111-1111-1111-111111111111	042188	2025-12-20 20:19:22.744073+01	t	0	2025-12-20 20:09:22.744028+01	2025-12-20 20:09:39.372628+01
ee4ace23-c58a-476c-9de4-1ffdb258bf54	a1111111-1111-1111-1111-111111111111	120562	2025-12-21 14:30:36.839287+01	t	0	2025-12-21 14:20:36.839195+01	2025-12-21 14:21:12.320507+01
942c5542-f858-49a4-82d6-f117c0f22804	a2222222-2222-2222-2222-222222222222	529838	2025-12-21 14:45:14.158213+01	t	0	2025-12-21 14:35:14.158213+01	2025-12-21 14:35:43.551368+01
26e07191-b0f8-448e-a159-ef632543d7e0	a2222222-2222-2222-2222-222222222222	973877	2025-12-21 15:46:43.197839+01	t	0	2025-12-21 15:36:43.197781+01	2025-12-21 15:37:09.410011+01
adb01b06-b2f7-4c09-9cf6-7efa1c7a7970	a2222222-2222-2222-2222-222222222222	263460	2025-12-21 15:47:09.408827+01	t	0	2025-12-21 15:37:09.408826+01	2025-12-21 15:37:22.628977+01
7af84032-e658-45c6-ae7f-189008cd212b	a1111111-1111-1111-1111-111111111111	050524	2025-12-21 15:53:12.354619+01	t	0	2025-12-21 15:43:12.354619+01	2025-12-21 15:43:37.041552+01
890bd5ee-9697-4b35-b8e7-4f2fbe208719	a2222222-2222-2222-2222-222222222222	670025	2025-12-21 16:16:19.72191+01	t	0	2025-12-21 16:06:19.721853+01	2025-12-21 16:06:39.827548+01
57c78d7e-2de7-46e7-a36f-5c1e5b0d3af4	a1111111-1111-1111-1111-111111111111	044603	2025-12-21 16:46:33.359032+01	t	0	2025-12-21 16:36:33.358999+01	2025-12-21 16:36:58.802376+01
d0cc97da-898d-442d-a3b4-84aebd3b4451	a2222222-2222-2222-2222-222222222222	715353	2025-12-21 16:47:09.438814+01	t	0	2025-12-21 16:37:09.438814+01	2025-12-21 16:37:22.944132+01
83d113cc-2944-404d-be0b-fe07f3e5170a	a1111111-1111-1111-1111-111111111111	025094	2025-12-21 18:57:28.424428+01	t	0	2025-12-21 18:47:28.424377+01	2025-12-21 18:47:45.732314+01
4c1d85d7-13d2-47cc-ad8d-2d9ca8ef20b0	a1111111-1111-1111-1111-111111111111	970633	2025-12-21 19:08:06.401129+01	t	0	2025-12-21 18:58:06.401129+01	2025-12-21 18:58:23.656718+01
c49da2d1-1baf-48ef-a1e6-41238ef8451d	a1111111-1111-1111-1111-111111111111	019487	2025-12-21 19:19:58.76889+01	t	0	2025-12-21 19:09:58.768854+01	2025-12-21 19:10:23.626891+01
d49d6946-ff55-4f40-b87f-eed684179c88	a1111111-1111-1111-1111-111111111111	195903	2025-12-21 19:40:36.173586+01	t	0	2025-12-21 19:30:36.173586+01	2025-12-21 19:30:52.090431+01
a83979ea-ec67-479e-ae43-3bdbdfb2f032	a1111111-1111-1111-1111-111111111111	513179	2025-12-21 20:06:16.449149+01	t	0	2025-12-21 19:56:16.449149+01	2025-12-21 19:56:31.192879+01
7f0c4273-275d-49de-a56d-eb9fe1784baa	a1111111-1111-1111-1111-111111111111	546463	2025-12-21 20:52:16.310668+01	t	0	2025-12-21 20:42:16.310458+01	2025-12-21 20:43:23.097273+01
c63383c0-0189-4e7a-a0a8-ff26f9fbf301	a1111111-1111-1111-1111-111111111111	688130	2025-12-21 21:27:21.011146+01	t	0	2025-12-21 21:17:21.011085+01	2025-12-21 21:17:35.48892+01
c085a7fd-80be-4f92-aaa8-137079c635fb	a2222222-2222-2222-2222-222222222222	703946	2025-12-21 21:27:46.74154+01	t	0	2025-12-21 21:17:46.741539+01	2025-12-21 21:18:07.867845+01
7a1c970c-64b6-44c6-a00a-890d79e3599b	a1111111-1111-1111-1111-111111111111	093519	2025-12-21 21:58:44.288923+01	t	0	2025-12-21 21:48:44.288883+01	2025-12-21 21:49:00.244615+01
8b6180e8-c080-4756-bae9-c171f631b4f2	a2222222-2222-2222-2222-222222222222	376774	2025-12-21 21:59:10.58344+01	t	0	2025-12-21 21:49:10.58344+01	2025-12-21 21:49:30.217113+01
752d0f0b-7e6d-47af-89f0-1ce92ca70747	a2222222-2222-2222-2222-222222222222	466329	2025-12-22 00:05:24.546327+01	t	0	2025-12-21 23:55:24.546283+01	2025-12-21 23:55:40.212085+01
01ebb6da-5a70-45e5-b1ae-4f17d68b243e	a2222222-2222-2222-2222-222222222222	735658	2025-12-22 12:02:50.768859+01	t	0	2025-12-22 11:52:50.768859+01	2025-12-22 11:53:03.361073+01
3d6761bd-8510-4976-a9a6-557e34a00ad2	a1111111-1111-1111-1111-111111111111	247427	2025-12-22 12:01:12.709666+01	t	0	2025-12-22 11:51:12.709619+01	2025-12-22 11:54:05.03307+01
4093f9c0-2a9c-4926-a16e-740c099ed4a9	a1111111-1111-1111-1111-111111111111	868525	2025-12-22 12:17:29.854301+01	t	0	2025-12-22 12:07:29.854269+01	2025-12-22 12:07:45.230658+01
\.


--
-- Data for Name: MediaFiles; Type: TABLE DATA; Schema: public; Owner: nics_user
--

COPY public."MediaFiles" ("Id", "MessageId", "UploadedById", "FileName", "FileUrl", "ThumbnailUrl", "MimeType", "FileSize", "Width", "Height", "Duration", "EncryptionKey", "CreatedAt", "UpdatedAt") FROM stdin;
\.


--
-- Data for Name: MessageStatuses; Type: TABLE DATA; Schema: public; Owner: nics_user
--

COPY public."MessageStatuses" ("Id", "MessageId", "UserId", "Status", "DeliveredAt", "ReadAt", "CreatedAt", "UpdatedAt") FROM stdin;
32ad1155-363c-45cd-b4d7-8a97ca292862	e6433b0d-4830-4730-b5fd-f55c86cb7403	b1111111-1111-1111-1111-111111111111	3	\N	2025-12-22 12:11:04.462761+01	2025-12-22 11:10:57.614098+01	2025-12-22 12:11:04.462901+01
11aa9a90-5597-4279-9531-16f6e590eafe	0cc026f5-8823-49b5-ad7e-517ae69346ee	b1111111-1111-1111-1111-111111111111	3	\N	2025-12-22 12:11:04.464066+01	2025-12-22 11:09:56.94836+01	2025-12-22 12:11:04.464458+01
c79f3de8-dd5b-4263-9e10-c9f129991bd6	89a5ef59-20b4-4594-8a45-4d8c5d4ec996	b1111111-1111-1111-1111-111111111111	3	\N	2025-12-22 12:11:04.466165+01	2025-12-21 15:43:51.653403+01	2025-12-22 12:11:04.466283+01
83a3209c-472e-4012-ac43-97315c0741dc	97219e93-28ed-407d-b8e1-633110619041	b1111111-1111-1111-1111-111111111111	3	\N	2025-12-22 12:11:04.467353+01	2025-12-21 15:30:59.343041+01	2025-12-22 12:11:04.467444+01
21cb3d50-6d57-47cc-9078-f84149349581	87146d60-9d76-497d-a752-a830463403c7	b1111111-1111-1111-1111-111111111111	3	\N	2025-12-22 12:11:04.468175+01	2025-12-21 15:26:02.350111+01	2025-12-22 12:11:04.468248+01
955cc054-7ddd-4546-87e6-dde815f06ecc	0a527f54-3952-48ee-a80f-d2e2dc0ae6be	b2222222-2222-2222-2222-222222222222	3	\N	2025-12-22 12:19:42.794288+01	2025-12-22 11:10:43.547568+01	2025-12-22 12:19:42.79528+01
fcb06b47-1e5f-4fec-9abb-e378238557d7	0414c3ea-fd73-4ca4-8b55-ca0448ef6eb5	b2222222-2222-2222-2222-222222222222	3	\N	2025-12-22 12:19:42.796932+01	2025-12-21 15:44:28.062438+01	2025-12-22 12:19:42.797+01
4047cfed-c7b6-4f09-9f78-72bd979bf3fe	3e628021-f6bb-467c-b1a5-5b0164dd7d88	b2222222-2222-2222-2222-222222222222	3	\N	2025-12-22 12:19:42.797701+01	2025-12-21 15:44:18.377305+01	2025-12-22 12:19:42.797796+01
c16d5253-5fd0-4f05-94f6-8cb8b982fc2c	2d1013a3-d031-4537-9866-be9227279e35	b2222222-2222-2222-2222-222222222222	3	\N	2025-12-22 12:19:42.798888+01	2025-12-21 15:44:03.047811+01	2025-12-22 12:19:42.798956+01
7d3db2ff-45fb-47c1-9e0b-85ead5611655	0d11e026-6165-4198-b890-63999c365a0d	b2222222-2222-2222-2222-222222222222	3	\N	2025-12-22 12:19:42.800258+01	2025-12-21 15:43:57.234806+01	2025-12-22 12:19:42.800321+01
93898e88-f598-4c2e-9734-5d9fdada3883	a7233e72-7fa7-46a3-b12d-37b7938d04e1	b2222222-2222-2222-2222-222222222222	3	\N	2025-12-22 12:19:42.801154+01	2025-12-21 15:31:30.010863+01	2025-12-22 12:19:42.801228+01
520b7a26-71ef-45d6-86d1-511246f99a26	0ce1ff20-dd04-4560-a454-7c1f65e4fed3	b2222222-2222-2222-2222-222222222222	3	\N	2025-12-22 12:19:42.801987+01	2025-12-21 15:26:12.562323+01	2025-12-22 12:19:42.802052+01
\.


--
-- Data for Name: Messages; Type: TABLE DATA; Schema: public; Owner: nics_user
--

COPY public."Messages" ("Id", "ConversationId", "SenderId", "Type", "Content", "MediaUrl", "MediaThumbnailUrl", "MediaMimeType", "MediaSize", "MediaDuration", "ReplyToMessageId", "ForwardedFromMessageId", "IsForwarded", "IsEdited", "EditedAt", "IsDeleted", "DeletedAt", "ExpiryDuration", "ExpiresAt", "IsSystemMessage", "CreatedAt", "UpdatedAt") FROM stdin;
0ce1ff20-dd04-4560-a454-7c1f65e4fed3	c1111111-1111-1111-1111-111111111111	b1111111-1111-1111-1111-111111111111	0	This is a test and a test	\N	\N	\N	\N	\N	\N	\N	f	f	\N	f	\N	0	\N	f	2025-12-21 15:26:12.557514+01	2025-12-21 15:26:23.050223+01
87146d60-9d76-497d-a752-a830463403c7	c1111111-1111-1111-1111-111111111111	b2222222-2222-2222-2222-222222222222	0	Hello	\N	\N	\N	\N	\N	\N	\N	f	f	\N	f	\N	0	\N	f	2025-12-21 15:26:02.308158+01	2025-12-21 15:26:23.050223+01
97219e93-28ed-407d-b8e1-633110619041	c1111111-1111-1111-1111-111111111111	b2222222-2222-2222-2222-222222222222	0	Let us test	\N	\N	\N	\N	\N	\N	\N	f	f	\N	f	\N	0	\N	f	2025-12-21 15:30:59.341445+01	2025-12-21 15:31:11.423412+01
a7233e72-7fa7-46a3-b12d-37b7938d04e1	c1111111-1111-1111-1111-111111111111	b1111111-1111-1111-1111-111111111111	0	This is a test too	\N	\N	\N	\N	\N	\N	\N	f	f	\N	f	\N	0	\N	f	2025-12-21 15:31:30.009572+01	2025-12-21 15:32:49.110001+01
89a5ef59-20b4-4594-8a45-4d8c5d4ec996	c1111111-1111-1111-1111-111111111111	b2222222-2222-2222-2222-222222222222	0	Hello	\N	\N	\N	\N	\N	\N	\N	f	f	\N	f	\N	0	\N	f	2025-12-21 15:43:51.651151+01	2025-12-21 15:43:53.547774+01
0414c3ea-fd73-4ca4-8b55-ca0448ef6eb5	c1111111-1111-1111-1111-111111111111	b1111111-1111-1111-1111-111111111111	0		\N	\N	\N	\N	\N	\N	\N	f	f	\N	f	\N	0	\N	f	2025-12-21 15:44:28.06209+01	2025-12-21 15:44:31.250213+01
0d11e026-6165-4198-b890-63999c365a0d	c1111111-1111-1111-1111-111111111111	b1111111-1111-1111-1111-111111111111	0	Hi	\N	\N	\N	\N	\N	\N	\N	f	f	\N	f	\N	0	\N	f	2025-12-21 15:43:57.234654+01	2025-12-21 15:44:31.250215+01
2d1013a3-d031-4537-9866-be9227279e35	c1111111-1111-1111-1111-111111111111	b1111111-1111-1111-1111-111111111111	0	Are you okay	\N	\N	\N	\N	\N	\N	\N	f	f	\N	f	\N	0	\N	f	2025-12-21 15:44:03.047289+01	2025-12-21 15:44:31.250214+01
3e628021-f6bb-467c-b1a5-5b0164dd7d88	c1111111-1111-1111-1111-111111111111	b1111111-1111-1111-1111-111111111111	0	Is something wrong with you?	\N	\N	\N	\N	\N	\N	\N	f	f	\N	f	\N	0	\N	f	2025-12-21 15:44:18.376571+01	2025-12-21 15:44:31.250214+01
0cc026f5-8823-49b5-ad7e-517ae69346ee	c1111111-1111-1111-1111-111111111111	b2222222-2222-2222-2222-222222222222	0	Hello	\N	\N	\N	\N	\N	\N	\N	f	f	\N	f	\N	0	\N	f	2025-12-22 11:09:56.939046+01	2025-12-22 11:10:00.050871+01
0a527f54-3952-48ee-a80f-d2e2dc0ae6be	c1111111-1111-1111-1111-111111111111	b1111111-1111-1111-1111-111111111111	0	Hello	\N	\N	\N	\N	\N	\N	\N	f	f	\N	f	\N	0	\N	f	2025-12-22 11:10:43.545969+01	2025-12-22 11:11:10.70315+01
e6433b0d-4830-4730-b5fd-f55c86cb7403	c1111111-1111-1111-1111-111111111111	b2222222-2222-2222-2222-222222222222	0	Hi	\N	\N	\N	\N	\N	\N	\N	f	f	\N	f	\N	0	\N	f	2025-12-22 11:10:57.613762+01	2025-12-22 11:11:10.703149+01
\.


--
-- Data for Name: NominalRolls; Type: TABLE DATA; Schema: public; Owner: nics_user
--

COPY public."NominalRolls" ("Id", "ServiceNumber", "FullName", "PhoneNumber", "Department", "RankPosition", "Status", "CreatedAt", "UpdatedAt") FROM stdin;
a1111111-1111-1111-1111-111111111111	AP/12345	John Adebayo	+2348012345678	Operations	Inspector	0	2025-12-20 17:39:50.091112+01	2025-12-20 17:39:50.091112+01
a2222222-2222-2222-2222-222222222222	AP/12346	Mary Okonkwo	+2348023456789	Administration	Chief Inspector	0	2025-12-20 17:39:50.091195+01	2025-12-20 17:39:50.091195+01
a3333333-3333-3333-3333-333333333333	AP/12347	Peter Emeka	+2348034567890	Logistics	Superintendent	0	2025-12-20 17:39:50.091195+01	2025-12-20 17:39:50.091195+01
a4444444-4444-4444-4444-444444444444	AP/12348	Sarah Ibrahim	+2348045678901	Communications	Deputy Superintendent	0	2025-12-20 17:39:50.091196+01	2025-12-20 17:39:50.091196+01
a5555555-5555-5555-5555-555555555555	AP/12349	David Chukwu	+2348056789012	Training	Inspector	0	2025-12-20 17:39:50.091196+01	2025-12-20 17:39:50.091196+01
a6666666-6666-6666-6666-666666666666	AP/12350	Amina Yusuf	+2348067890123	Operations	Sergeant	0	2025-12-20 17:39:50.091197+01	2025-12-20 17:39:50.091197+01
a7777777-7777-7777-7777-777777777777	AP/12351	Michael Obi	+2348078901234	Intelligence	Chief Superintendent	0	2025-12-20 17:39:50.091197+01	2025-12-20 17:39:50.091197+01
a8888888-8888-8888-8888-888888888888	AP/12352	Grace Adekunle	+2348089012345	Administration	Inspector	0	2025-12-20 17:39:50.091198+01	2025-12-20 17:39:50.091198+01
a9999999-9999-9999-9999-999999999999	AP/12353	Emmanuel Bello	+2348090123456	Logistics	Corporal	0	2025-12-20 17:39:50.091198+01	2025-12-20 17:39:50.091198+01
aaaaaaaa-aaaa-aaaa-aaaa-aaaaaaaaaaaa	AP/12354	Fatima Abubakar	+2348001234567	Communications	Sergeant	0	2025-12-20 17:39:50.091199+01	2025-12-20 17:39:50.091199+01
\.


--
-- Data for Name: StatusViews; Type: TABLE DATA; Schema: public; Owner: nics_user
--

COPY public."StatusViews" ("Id", "StatusId", "ViewerId", "ViewedAt", "CreatedAt", "UpdatedAt") FROM stdin;
\.


--
-- Data for Name: Statuses; Type: TABLE DATA; Schema: public; Owner: nics_user
--

COPY public."Statuses" ("Id", "UserId", "TextContent", "MediaUrl", "MediaType", "BackgroundColor", "ExpiresAt", "IsViewedByAll", "CreatedAt", "UpdatedAt") FROM stdin;
\.


--
-- Data for Name: UserDevices; Type: TABLE DATA; Schema: public; Owner: nics_user
--

COPY public."UserDevices" ("Id", "UserId", "DeviceToken", "Platform", "DeviceId", "DeviceName", "IsActive", "LastActiveAt", "CreatedAt", "UpdatedAt") FROM stdin;
a683ac7f-0233-4641-ae64-58ede3d5bd3a	b1111111-1111-1111-1111-111111111111	edFAmbsYSYSGEH5_BpfmSu:APA91bFMij2BOO6x1xU4d6dgvL20F8qrTIwrh7ZA0NGUWL2osivC9EiHC5i-IsByFnHvk2Eolhk5UvkOBmDWtL3EmRJaKwSc8gjHySlCmv5TUaK8_Ulnttg	1	\N	\N	t	2025-12-22 10:02:47.127213+01	2025-12-21 23:07:03.137219+01	2025-12-22 10:02:47.127268+01
30138550-799a-4c76-8cc3-62bcb105f740	b2222222-2222-2222-2222-222222222222	cRrlsmSgS07vuAhNEknBu_:APA91bGXn4TukM8VRCSv4nBaPBT2WQc-fpRi7I91vJkw5amW2S6Z6WVxO1MWR3Nl9RHTvwgASaqNrI2YTprDm7B9UcohOfm6dJJ16GuxhF9EpT1HO7nQJJI	0	\N	\N	t	2025-12-22 12:24:07.556626+01	2025-12-22 00:03:41.226019+01	2025-12-22 12:24:07.556979+01
286edf0c-cd40-4374-a8cb-982d2403c947	b1111111-1111-1111-1111-111111111111	cFf7qjQyQLyulvoWxfwBuC:APA91bE3tTd700LwyryI08kwNNCet65ToS34jHZ7qYQEDf_XaLZGxKDA2QuT42u8pr2_RObjfXumvwteTvCeKn5yISjgeHXCYJpXBdvxEIKrychT8CED3rg	1	\N	\N	t	2025-12-22 12:24:15.286931+01	2025-12-22 12:07:45.842631+01	2025-12-22 12:24:15.287018+01
\.


--
-- Data for Name: Users; Type: TABLE DATA; Schema: public; Owner: nics_user
--

COPY public."Users" ("Id", "NominalRollId", "PhoneNumber", "DisplayName", "ProfilePictureUrl", "About", "LastSeen", "IsOnline", "PublicKey", "PasswordHash", "RefreshToken", "RefreshTokenExpiryTime", "ShowLastSeen", "ShowProfilePhoto", "ShowAbout", "ReadReceipts", "CreatedAt", "UpdatedAt") FROM stdin;
b3333333-3333-3333-3333-333333333333	a3333333-3333-3333-3333-333333333333	+2348034567890	Peter Emeka	\N	Logistics Coordinator	\N	f	\N	$2a$11$fQSiLsVoflB2bB6FS7qhF./lDlJmOPPJDMe3YVi/oJdigH9hWwRq.	\N	\N	t	t	t	t	2025-12-20 17:39:50.510669+01	2025-12-20 17:39:50.510669+01
b4444444-4444-4444-4444-444444444444	a4444444-4444-4444-4444-444444444444	+2348045678901	Sarah Ibrahim	\N	Communications Expert	\N	f	\N	$2a$11$peTrE.FZQe1ImnVqvGvd9uEnHQY82warg4IOHEATkEC6GzVKPgVXa	\N	\N	t	t	t	t	2025-12-20 17:39:50.640294+01	2025-12-20 17:39:50.640294+01
b5555555-5555-5555-5555-555555555555	a5555555-5555-5555-5555-555555555555	+2348056789012	David Chukwu	\N	Training Instructor	\N	f	\N	$2a$11$sNeat2zI4AvdVi4RAvgG/uWEPNYiR0v0qBTUw60rti2U4U.MsTo3G	\N	\N	t	t	t	t	2025-12-20 17:39:50.77615+01	2025-12-20 17:39:50.77615+01
b2222222-2222-2222-2222-222222222222	a2222222-2222-2222-2222-222222222222	+2348023456789	Mary Okonkwo	\N	Administration Lead	2025-12-22 12:24:07.505275+01	t	\N	$2a$11$rQRmoN8A9hPhxjR7wghrTOyYrkhpJ.JW04DWPdxZ7ioDo/KpUWqTu	6du0n9AWLN7ONq26dVI4eFFzJsFSppdlKf44/qcUDu16PUfn4gC3NMXV3L08bqHMO5AiY87edJt85VYtzuPwnQ==	2025-12-29 12:05:23.972328+01	t	t	t	t	2025-12-20 17:39:50.382374+01	2025-12-22 12:24:07.505392+01
b1111111-1111-1111-1111-111111111111	a1111111-1111-1111-1111-111111111111	+2348012345678	John Adebayo	\N	Operations Officer	2025-12-22 12:24:15.180609+01	t	\N	$2a$11$zOfn0/9cbJq.iuQ6pR9Y/O4GPJsOUJT.qRjqys8s.a1h6mhjF9mLu	rBtwT0fjYcwatZCdR+M2x4uZ55q5F0JVMW0X5xnQbHJ3UM2CkyYRC0VnsnFfK4CIJdDyQkP04mmem7x3jvlfjw==	2025-12-29 12:07:45.230314+01	t	t	t	t	2025-12-20 17:39:50.174693+01	2025-12-22 12:24:15.180651+01
\.


--
-- Data for Name: __EFMigrationsHistory; Type: TABLE DATA; Schema: public; Owner: nics_user
--

COPY public."__EFMigrationsHistory" ("MigrationId", "ProductVersion") FROM stdin;
20251220102010_InitialCreate	8.0.0
20251220163811_AddLoginToken	8.0.0
\.


--
-- Name: BlockedUsers PK_BlockedUsers; Type: CONSTRAINT; Schema: public; Owner: nics_user
--

ALTER TABLE ONLY public."BlockedUsers"
    ADD CONSTRAINT "PK_BlockedUsers" PRIMARY KEY ("Id");


--
-- Name: CallParticipants PK_CallParticipants; Type: CONSTRAINT; Schema: public; Owner: nics_user
--

ALTER TABLE ONLY public."CallParticipants"
    ADD CONSTRAINT "PK_CallParticipants" PRIMARY KEY ("Id");


--
-- Name: Calls PK_Calls; Type: CONSTRAINT; Schema: public; Owner: nics_user
--

ALTER TABLE ONLY public."Calls"
    ADD CONSTRAINT "PK_Calls" PRIMARY KEY ("Id");


--
-- Name: Contacts PK_Contacts; Type: CONSTRAINT; Schema: public; Owner: nics_user
--

ALTER TABLE ONLY public."Contacts"
    ADD CONSTRAINT "PK_Contacts" PRIMARY KEY ("Id");


--
-- Name: ConversationParticipants PK_ConversationParticipants; Type: CONSTRAINT; Schema: public; Owner: nics_user
--

ALTER TABLE ONLY public."ConversationParticipants"
    ADD CONSTRAINT "PK_ConversationParticipants" PRIMARY KEY ("Id");


--
-- Name: Conversations PK_Conversations; Type: CONSTRAINT; Schema: public; Owner: nics_user
--

ALTER TABLE ONLY public."Conversations"
    ADD CONSTRAINT "PK_Conversations" PRIMARY KEY ("Id");


--
-- Name: LoginTokens PK_LoginTokens; Type: CONSTRAINT; Schema: public; Owner: nics_user
--

ALTER TABLE ONLY public."LoginTokens"
    ADD CONSTRAINT "PK_LoginTokens" PRIMARY KEY ("Id");


--
-- Name: MediaFiles PK_MediaFiles; Type: CONSTRAINT; Schema: public; Owner: nics_user
--

ALTER TABLE ONLY public."MediaFiles"
    ADD CONSTRAINT "PK_MediaFiles" PRIMARY KEY ("Id");


--
-- Name: MessageStatuses PK_MessageStatuses; Type: CONSTRAINT; Schema: public; Owner: nics_user
--

ALTER TABLE ONLY public."MessageStatuses"
    ADD CONSTRAINT "PK_MessageStatuses" PRIMARY KEY ("Id");


--
-- Name: Messages PK_Messages; Type: CONSTRAINT; Schema: public; Owner: nics_user
--

ALTER TABLE ONLY public."Messages"
    ADD CONSTRAINT "PK_Messages" PRIMARY KEY ("Id");


--
-- Name: NominalRolls PK_NominalRolls; Type: CONSTRAINT; Schema: public; Owner: nics_user
--

ALTER TABLE ONLY public."NominalRolls"
    ADD CONSTRAINT "PK_NominalRolls" PRIMARY KEY ("Id");


--
-- Name: StatusViews PK_StatusViews; Type: CONSTRAINT; Schema: public; Owner: nics_user
--

ALTER TABLE ONLY public."StatusViews"
    ADD CONSTRAINT "PK_StatusViews" PRIMARY KEY ("Id");


--
-- Name: Statuses PK_Statuses; Type: CONSTRAINT; Schema: public; Owner: nics_user
--

ALTER TABLE ONLY public."Statuses"
    ADD CONSTRAINT "PK_Statuses" PRIMARY KEY ("Id");


--
-- Name: UserDevices PK_UserDevices; Type: CONSTRAINT; Schema: public; Owner: nics_user
--

ALTER TABLE ONLY public."UserDevices"
    ADD CONSTRAINT "PK_UserDevices" PRIMARY KEY ("Id");


--
-- Name: Users PK_Users; Type: CONSTRAINT; Schema: public; Owner: nics_user
--

ALTER TABLE ONLY public."Users"
    ADD CONSTRAINT "PK_Users" PRIMARY KEY ("Id");


--
-- Name: __EFMigrationsHistory PK___EFMigrationsHistory; Type: CONSTRAINT; Schema: public; Owner: nics_user
--

ALTER TABLE ONLY public."__EFMigrationsHistory"
    ADD CONSTRAINT "PK___EFMigrationsHistory" PRIMARY KEY ("MigrationId");


--
-- Name: IX_BlockedUsers_BlockedUserId; Type: INDEX; Schema: public; Owner: nics_user
--

CREATE INDEX "IX_BlockedUsers_BlockedUserId" ON public."BlockedUsers" USING btree ("BlockedUserId");


--
-- Name: IX_BlockedUsers_UserId_BlockedUserId; Type: INDEX; Schema: public; Owner: nics_user
--

CREATE UNIQUE INDEX "IX_BlockedUsers_UserId_BlockedUserId" ON public."BlockedUsers" USING btree ("UserId", "BlockedUserId");


--
-- Name: IX_CallParticipants_CallId_UserId; Type: INDEX; Schema: public; Owner: nics_user
--

CREATE UNIQUE INDEX "IX_CallParticipants_CallId_UserId" ON public."CallParticipants" USING btree ("CallId", "UserId");


--
-- Name: IX_CallParticipants_UserId; Type: INDEX; Schema: public; Owner: nics_user
--

CREATE INDEX "IX_CallParticipants_UserId" ON public."CallParticipants" USING btree ("UserId");


--
-- Name: IX_Calls_ConversationId; Type: INDEX; Schema: public; Owner: nics_user
--

CREATE INDEX "IX_Calls_ConversationId" ON public."Calls" USING btree ("ConversationId");


--
-- Name: IX_Calls_InitiatorId; Type: INDEX; Schema: public; Owner: nics_user
--

CREATE INDEX "IX_Calls_InitiatorId" ON public."Calls" USING btree ("InitiatorId");


--
-- Name: IX_Calls_RoomId; Type: INDEX; Schema: public; Owner: nics_user
--

CREATE INDEX "IX_Calls_RoomId" ON public."Calls" USING btree ("RoomId");


--
-- Name: IX_Contacts_ContactUserId; Type: INDEX; Schema: public; Owner: nics_user
--

CREATE INDEX "IX_Contacts_ContactUserId" ON public."Contacts" USING btree ("ContactUserId");


--
-- Name: IX_Contacts_UserId_ContactUserId; Type: INDEX; Schema: public; Owner: nics_user
--

CREATE UNIQUE INDEX "IX_Contacts_UserId_ContactUserId" ON public."Contacts" USING btree ("UserId", "ContactUserId");


--
-- Name: IX_ConversationParticipants_ConversationId_UserId; Type: INDEX; Schema: public; Owner: nics_user
--

CREATE UNIQUE INDEX "IX_ConversationParticipants_ConversationId_UserId" ON public."ConversationParticipants" USING btree ("ConversationId", "UserId");


--
-- Name: IX_ConversationParticipants_UserId; Type: INDEX; Schema: public; Owner: nics_user
--

CREATE INDEX "IX_ConversationParticipants_UserId" ON public."ConversationParticipants" USING btree ("UserId");


--
-- Name: IX_Conversations_CreatedById; Type: INDEX; Schema: public; Owner: nics_user
--

CREATE INDEX "IX_Conversations_CreatedById" ON public."Conversations" USING btree ("CreatedById");


--
-- Name: IX_LoginTokens_NominalRollId; Type: INDEX; Schema: public; Owner: nics_user
--

CREATE INDEX "IX_LoginTokens_NominalRollId" ON public."LoginTokens" USING btree ("NominalRollId");


--
-- Name: IX_LoginTokens_Token; Type: INDEX; Schema: public; Owner: nics_user
--

CREATE INDEX "IX_LoginTokens_Token" ON public."LoginTokens" USING btree ("Token");


--
-- Name: IX_MediaFiles_MessageId; Type: INDEX; Schema: public; Owner: nics_user
--

CREATE INDEX "IX_MediaFiles_MessageId" ON public."MediaFiles" USING btree ("MessageId");


--
-- Name: IX_MediaFiles_UploadedById; Type: INDEX; Schema: public; Owner: nics_user
--

CREATE INDEX "IX_MediaFiles_UploadedById" ON public."MediaFiles" USING btree ("UploadedById");


--
-- Name: IX_MessageStatuses_MessageId_UserId; Type: INDEX; Schema: public; Owner: nics_user
--

CREATE UNIQUE INDEX "IX_MessageStatuses_MessageId_UserId" ON public."MessageStatuses" USING btree ("MessageId", "UserId");


--
-- Name: IX_MessageStatuses_UserId; Type: INDEX; Schema: public; Owner: nics_user
--

CREATE INDEX "IX_MessageStatuses_UserId" ON public."MessageStatuses" USING btree ("UserId");


--
-- Name: IX_Messages_ConversationId; Type: INDEX; Schema: public; Owner: nics_user
--

CREATE INDEX "IX_Messages_ConversationId" ON public."Messages" USING btree ("ConversationId");


--
-- Name: IX_Messages_CreatedAt; Type: INDEX; Schema: public; Owner: nics_user
--

CREATE INDEX "IX_Messages_CreatedAt" ON public."Messages" USING btree ("CreatedAt");


--
-- Name: IX_Messages_ExpiresAt; Type: INDEX; Schema: public; Owner: nics_user
--

CREATE INDEX "IX_Messages_ExpiresAt" ON public."Messages" USING btree ("ExpiresAt");


--
-- Name: IX_Messages_ForwardedFromMessageId; Type: INDEX; Schema: public; Owner: nics_user
--

CREATE INDEX "IX_Messages_ForwardedFromMessageId" ON public."Messages" USING btree ("ForwardedFromMessageId");


--
-- Name: IX_Messages_ReplyToMessageId; Type: INDEX; Schema: public; Owner: nics_user
--

CREATE INDEX "IX_Messages_ReplyToMessageId" ON public."Messages" USING btree ("ReplyToMessageId");


--
-- Name: IX_Messages_SenderId; Type: INDEX; Schema: public; Owner: nics_user
--

CREATE INDEX "IX_Messages_SenderId" ON public."Messages" USING btree ("SenderId");


--
-- Name: IX_NominalRolls_ServiceNumber; Type: INDEX; Schema: public; Owner: nics_user
--

CREATE UNIQUE INDEX "IX_NominalRolls_ServiceNumber" ON public."NominalRolls" USING btree ("ServiceNumber");


--
-- Name: IX_StatusViews_StatusId_ViewerId; Type: INDEX; Schema: public; Owner: nics_user
--

CREATE UNIQUE INDEX "IX_StatusViews_StatusId_ViewerId" ON public."StatusViews" USING btree ("StatusId", "ViewerId");


--
-- Name: IX_StatusViews_ViewerId; Type: INDEX; Schema: public; Owner: nics_user
--

CREATE INDEX "IX_StatusViews_ViewerId" ON public."StatusViews" USING btree ("ViewerId");


--
-- Name: IX_Statuses_ExpiresAt; Type: INDEX; Schema: public; Owner: nics_user
--

CREATE INDEX "IX_Statuses_ExpiresAt" ON public."Statuses" USING btree ("ExpiresAt");


--
-- Name: IX_Statuses_UserId; Type: INDEX; Schema: public; Owner: nics_user
--

CREATE INDEX "IX_Statuses_UserId" ON public."Statuses" USING btree ("UserId");


--
-- Name: IX_UserDevices_DeviceToken; Type: INDEX; Schema: public; Owner: nics_user
--

CREATE INDEX "IX_UserDevices_DeviceToken" ON public."UserDevices" USING btree ("DeviceToken");


--
-- Name: IX_UserDevices_UserId; Type: INDEX; Schema: public; Owner: nics_user
--

CREATE INDEX "IX_UserDevices_UserId" ON public."UserDevices" USING btree ("UserId");


--
-- Name: IX_Users_NominalRollId; Type: INDEX; Schema: public; Owner: nics_user
--

CREATE UNIQUE INDEX "IX_Users_NominalRollId" ON public."Users" USING btree ("NominalRollId");


--
-- Name: IX_Users_PhoneNumber; Type: INDEX; Schema: public; Owner: nics_user
--

CREATE UNIQUE INDEX "IX_Users_PhoneNumber" ON public."Users" USING btree ("PhoneNumber");


--
-- Name: BlockedUsers FK_BlockedUsers_Users_BlockedUserId; Type: FK CONSTRAINT; Schema: public; Owner: nics_user
--

ALTER TABLE ONLY public."BlockedUsers"
    ADD CONSTRAINT "FK_BlockedUsers_Users_BlockedUserId" FOREIGN KEY ("BlockedUserId") REFERENCES public."Users"("Id") ON DELETE CASCADE;


--
-- Name: BlockedUsers FK_BlockedUsers_Users_UserId; Type: FK CONSTRAINT; Schema: public; Owner: nics_user
--

ALTER TABLE ONLY public."BlockedUsers"
    ADD CONSTRAINT "FK_BlockedUsers_Users_UserId" FOREIGN KEY ("UserId") REFERENCES public."Users"("Id") ON DELETE CASCADE;


--
-- Name: CallParticipants FK_CallParticipants_Calls_CallId; Type: FK CONSTRAINT; Schema: public; Owner: nics_user
--

ALTER TABLE ONLY public."CallParticipants"
    ADD CONSTRAINT "FK_CallParticipants_Calls_CallId" FOREIGN KEY ("CallId") REFERENCES public."Calls"("Id") ON DELETE CASCADE;


--
-- Name: CallParticipants FK_CallParticipants_Users_UserId; Type: FK CONSTRAINT; Schema: public; Owner: nics_user
--

ALTER TABLE ONLY public."CallParticipants"
    ADD CONSTRAINT "FK_CallParticipants_Users_UserId" FOREIGN KEY ("UserId") REFERENCES public."Users"("Id") ON DELETE CASCADE;


--
-- Name: Calls FK_Calls_Conversations_ConversationId; Type: FK CONSTRAINT; Schema: public; Owner: nics_user
--

ALTER TABLE ONLY public."Calls"
    ADD CONSTRAINT "FK_Calls_Conversations_ConversationId" FOREIGN KEY ("ConversationId") REFERENCES public."Conversations"("Id") ON DELETE CASCADE;


--
-- Name: Calls FK_Calls_Users_InitiatorId; Type: FK CONSTRAINT; Schema: public; Owner: nics_user
--

ALTER TABLE ONLY public."Calls"
    ADD CONSTRAINT "FK_Calls_Users_InitiatorId" FOREIGN KEY ("InitiatorId") REFERENCES public."Users"("Id") ON DELETE RESTRICT;


--
-- Name: Contacts FK_Contacts_Users_ContactUserId; Type: FK CONSTRAINT; Schema: public; Owner: nics_user
--

ALTER TABLE ONLY public."Contacts"
    ADD CONSTRAINT "FK_Contacts_Users_ContactUserId" FOREIGN KEY ("ContactUserId") REFERENCES public."Users"("Id") ON DELETE CASCADE;


--
-- Name: Contacts FK_Contacts_Users_UserId; Type: FK CONSTRAINT; Schema: public; Owner: nics_user
--

ALTER TABLE ONLY public."Contacts"
    ADD CONSTRAINT "FK_Contacts_Users_UserId" FOREIGN KEY ("UserId") REFERENCES public."Users"("Id") ON DELETE CASCADE;


--
-- Name: ConversationParticipants FK_ConversationParticipants_Conversations_ConversationId; Type: FK CONSTRAINT; Schema: public; Owner: nics_user
--

ALTER TABLE ONLY public."ConversationParticipants"
    ADD CONSTRAINT "FK_ConversationParticipants_Conversations_ConversationId" FOREIGN KEY ("ConversationId") REFERENCES public."Conversations"("Id") ON DELETE CASCADE;


--
-- Name: ConversationParticipants FK_ConversationParticipants_Users_UserId; Type: FK CONSTRAINT; Schema: public; Owner: nics_user
--

ALTER TABLE ONLY public."ConversationParticipants"
    ADD CONSTRAINT "FK_ConversationParticipants_Users_UserId" FOREIGN KEY ("UserId") REFERENCES public."Users"("Id") ON DELETE CASCADE;


--
-- Name: Conversations FK_Conversations_Users_CreatedById; Type: FK CONSTRAINT; Schema: public; Owner: nics_user
--

ALTER TABLE ONLY public."Conversations"
    ADD CONSTRAINT "FK_Conversations_Users_CreatedById" FOREIGN KEY ("CreatedById") REFERENCES public."Users"("Id") ON DELETE SET NULL;


--
-- Name: LoginTokens FK_LoginTokens_NominalRolls_NominalRollId; Type: FK CONSTRAINT; Schema: public; Owner: nics_user
--

ALTER TABLE ONLY public."LoginTokens"
    ADD CONSTRAINT "FK_LoginTokens_NominalRolls_NominalRollId" FOREIGN KEY ("NominalRollId") REFERENCES public."NominalRolls"("Id") ON DELETE CASCADE;


--
-- Name: MediaFiles FK_MediaFiles_Messages_MessageId; Type: FK CONSTRAINT; Schema: public; Owner: nics_user
--

ALTER TABLE ONLY public."MediaFiles"
    ADD CONSTRAINT "FK_MediaFiles_Messages_MessageId" FOREIGN KEY ("MessageId") REFERENCES public."Messages"("Id") ON DELETE SET NULL;


--
-- Name: MediaFiles FK_MediaFiles_Users_UploadedById; Type: FK CONSTRAINT; Schema: public; Owner: nics_user
--

ALTER TABLE ONLY public."MediaFiles"
    ADD CONSTRAINT "FK_MediaFiles_Users_UploadedById" FOREIGN KEY ("UploadedById") REFERENCES public."Users"("Id") ON DELETE RESTRICT;


--
-- Name: MessageStatuses FK_MessageStatuses_Messages_MessageId; Type: FK CONSTRAINT; Schema: public; Owner: nics_user
--

ALTER TABLE ONLY public."MessageStatuses"
    ADD CONSTRAINT "FK_MessageStatuses_Messages_MessageId" FOREIGN KEY ("MessageId") REFERENCES public."Messages"("Id") ON DELETE CASCADE;


--
-- Name: MessageStatuses FK_MessageStatuses_Users_UserId; Type: FK CONSTRAINT; Schema: public; Owner: nics_user
--

ALTER TABLE ONLY public."MessageStatuses"
    ADD CONSTRAINT "FK_MessageStatuses_Users_UserId" FOREIGN KEY ("UserId") REFERENCES public."Users"("Id") ON DELETE CASCADE;


--
-- Name: Messages FK_Messages_Conversations_ConversationId; Type: FK CONSTRAINT; Schema: public; Owner: nics_user
--

ALTER TABLE ONLY public."Messages"
    ADD CONSTRAINT "FK_Messages_Conversations_ConversationId" FOREIGN KEY ("ConversationId") REFERENCES public."Conversations"("Id") ON DELETE CASCADE;


--
-- Name: Messages FK_Messages_Messages_ForwardedFromMessageId; Type: FK CONSTRAINT; Schema: public; Owner: nics_user
--

ALTER TABLE ONLY public."Messages"
    ADD CONSTRAINT "FK_Messages_Messages_ForwardedFromMessageId" FOREIGN KEY ("ForwardedFromMessageId") REFERENCES public."Messages"("Id") ON DELETE SET NULL;


--
-- Name: Messages FK_Messages_Messages_ReplyToMessageId; Type: FK CONSTRAINT; Schema: public; Owner: nics_user
--

ALTER TABLE ONLY public."Messages"
    ADD CONSTRAINT "FK_Messages_Messages_ReplyToMessageId" FOREIGN KEY ("ReplyToMessageId") REFERENCES public."Messages"("Id") ON DELETE SET NULL;


--
-- Name: Messages FK_Messages_Users_SenderId; Type: FK CONSTRAINT; Schema: public; Owner: nics_user
--

ALTER TABLE ONLY public."Messages"
    ADD CONSTRAINT "FK_Messages_Users_SenderId" FOREIGN KEY ("SenderId") REFERENCES public."Users"("Id") ON DELETE RESTRICT;


--
-- Name: StatusViews FK_StatusViews_Statuses_StatusId; Type: FK CONSTRAINT; Schema: public; Owner: nics_user
--

ALTER TABLE ONLY public."StatusViews"
    ADD CONSTRAINT "FK_StatusViews_Statuses_StatusId" FOREIGN KEY ("StatusId") REFERENCES public."Statuses"("Id") ON DELETE CASCADE;


--
-- Name: StatusViews FK_StatusViews_Users_ViewerId; Type: FK CONSTRAINT; Schema: public; Owner: nics_user
--

ALTER TABLE ONLY public."StatusViews"
    ADD CONSTRAINT "FK_StatusViews_Users_ViewerId" FOREIGN KEY ("ViewerId") REFERENCES public."Users"("Id") ON DELETE CASCADE;


--
-- Name: Statuses FK_Statuses_Users_UserId; Type: FK CONSTRAINT; Schema: public; Owner: nics_user
--

ALTER TABLE ONLY public."Statuses"
    ADD CONSTRAINT "FK_Statuses_Users_UserId" FOREIGN KEY ("UserId") REFERENCES public."Users"("Id") ON DELETE CASCADE;


--
-- Name: UserDevices FK_UserDevices_Users_UserId; Type: FK CONSTRAINT; Schema: public; Owner: nics_user
--

ALTER TABLE ONLY public."UserDevices"
    ADD CONSTRAINT "FK_UserDevices_Users_UserId" FOREIGN KEY ("UserId") REFERENCES public."Users"("Id") ON DELETE CASCADE;


--
-- Name: Users FK_Users_NominalRolls_NominalRollId; Type: FK CONSTRAINT; Schema: public; Owner: nics_user
--

ALTER TABLE ONLY public."Users"
    ADD CONSTRAINT "FK_Users_NominalRolls_NominalRollId" FOREIGN KEY ("NominalRollId") REFERENCES public."NominalRolls"("Id") ON DELETE RESTRICT;


--
-- PostgreSQL database dump complete
--

